date,monthly_rate,warning_level,warning_color
2016-07-02,,-1,n/a
2016-07-03,,-1,n/a
2016-07-04,,-1,n/a
2016-07-05,,-1,n/a
2016-07-06,,-1,n/a
2016-07-07,,-1,n/a
2016-07-08,,-1,n/a
2016-07-09,,-1,n/a
2016-07-10,,-1,n/a
2016-07-11,,-1,n/a
2016-07-12,,-1,n/a
2016-07-13,,-1,n/a
2016-07-14,,-1,n/a
2016-07-15,,-1,n/a
2016-07-16,,-1,n/a
2016-07-17,,-1,n/a
2016-07-18,,-1,n/a
2016-07-19,,-1,n/a
2016-07-20,,-1,n/a
2016-07-21,,-1,n/a
2016-07-22,,-1,n/a
2016-07-23,,-1,n/a
2016-07-24,,-1,n/a
2016-07-25,,-1,n/a
2016-07-26,,-1,n/a
2016-07-27,,-1,n/a
2016-07-28,,-1,n/a
2016-07-29,,-1,n/a
2016-07-30,,-1,n/a
2016-07-31,0.10321999999996478,0,green
2016-08-01,0.10321999999996478,0,green
2016-08-02,0.10322000000002163,0,green
2016-08-03,0.10322999999999638,0,green
2016-08-04,0.10322999999999638,0,green
2016-08-05,0.10322999999999638,0,green
2016-08-06,0.10323000000005322,0,green
2016-08-07,0.10322999999999638,0,green
2016-08-08,0.10322999999999638,0,green
2016-08-09,0.10322999999999638,0,green
2016-08-10,0.10322000000002163,0,green
2016-08-11,0.10321999999996478,0,green
2016-08-12,0.10321999999996478,0,green
2016-08-13,0.10322000000002163,0,green
2016-08-14,0.10322000000002163,0,green
2016-08-15,0.10322999999999638,0,green
2016-08-16,0.10322999999999638,0,green
2016-08-17,0.10322999999999638,0,green
2016-08-18,0.10322999999999638,0,green
2016-08-19,0.10322999999999638,0,green
2016-08-20,0.10322999999999638,0,green
2016-08-21,0.10322999999999638,0,green
2016-08-22,0.10322000000002163,0,green
2016-08-23,0.10321999999996478,0,green
2016-08-24,0.10321999999996478,0,green
2016-08-25,0.10322000000002163,0,green
2016-08-26,0.10322000000002163,0,green
2016-08-27,0.10322999999999638,0,green
2016-08-28,0.10322999999999638,0,green
2016-08-29,0.10322999999999638,0,green
2016-08-30,0.10322999999999638,0,green
2016-08-31,0.10322999999999638,0,green
2016-09-01,0.10322999999999638,0,green
2016-09-02,0.09520000000003392,0,green
2016-09-03,0.0716899999999896,0,green
2016-09-04,0.03350999999997839,0,green
2016-09-05,-0.01852000000002363,0,green
2016-09-06,-0.0835700000000088,0,green
2016-09-07,-0.16082999999997583,0,green
2016-09-08,-0.24947000000003072,0,green
2016-09-09,-0.3486700000000269,0,green
2016-09-10,-0.4576099999999883,0,green
2016-09-11,-0.5754699999999957,0,green
2016-09-12,-0.7014300000000162,0,green
2016-09-13,-0.8346599999999853,0,green
2016-09-14,-0.9743500000000154,0,green
2016-09-15,-1.119669999999985,0,green
2016-09-16,-1.2697900000000004,0,green
2016-09-17,-1.4238999999999464,0,green
2016-09-18,-1.5811799999999607,0,green
2016-09-19,-1.7407999999999788,0,green
2016-09-20,-1.9019400000000246,0,green
2016-09-21,-2.0637800000000084,0,green
2016-09-22,-2.2255099999999857,0,green
2016-09-23,-2.386289999999974,0,green
2016-09-24,-2.5452999999999975,0,green
2016-09-25,-2.7017299999999977,0,green
2016-09-26,-2.854759999999999,0,green
2016-09-27,-3.003559999999993,0,green
2016-09-28,-3.1473000000000297,0,green
2016-09-29,-3.2851699999999937,0,green
2016-09-30,-3.416339999999991,0,green
2016-10-01,-3.5400000000000205,0,green
2016-10-02,-3.6550600000000486,0,green
2016-10-03,-3.761070000000018,0,green
2016-10-04,-3.8581499999999664,0,green
2016-10-05,-3.9464100000000144,0,green
2016-10-06,-4.025979999999947,0,green
2016-10-07,-4.096969999999999,0,green
2016-10-08,-4.15949999999998,0,green
2016-10-09,-4.213680000000011,0,green
2016-10-10,-4.25963999999999,0,green
2016-10-11,-4.297489999999982,0,green
2016-10-12,-4.327349999999967,0,green
2016-10-13,-4.349340000000041,0,green
2016-10-14,-4.3635699999999815,0,green
2016-10-15,-4.3701599999999985,0,green
2016-10-16,-4.369239999999991,0,green
2016-10-17,-4.3609200000000214,0,green
2016-10-18,-4.34531000000004,0,green
2016-10-19,-4.322540000000004,0,green
2016-10-20,-4.292730000000006,0,green
2016-10-21,-4.255980000000022,0,green
2016-10-22,-4.212420000000009,0,green
2016-10-23,-4.1621600000000285,0,green
2016-10-24,-4.105340000000012,0,green
2016-10-25,-4.0420500000000175,0,green
2016-10-26,-3.972430000000003,0,green
2016-10-27,-3.8965700000000254,0,green
2016-10-28,-3.814619999999991,0,green
2016-10-29,-3.7266799999999876,0,green
2016-10-30,-3.63288,0,green
2016-10-31,-3.5333099999999718,0,green
2016-11-01,-3.420359999999988,0,green
2016-11-02,-3.2924999999999613,0,green
2016-11-03,-3.1565000000000225,0,green
2016-11-04,-3.0131899999999803,0,green
2016-11-05,-2.863400000000013,0,green
2016-11-06,-2.7079700000000173,0,green
2016-11-07,-2.5477300000000014,0,green
2016-11-08,-2.3835099999999727,0,green
2016-11-09,-2.216149999999999,0,green
2016-11-10,-2.0464699999999993,0,green
2016-11-11,-1.87530000000001,0,green
2016-11-12,-1.703489999999988,0,green
2016-11-13,-1.5318699999999978,0,green
2016-11-14,-1.3612700000000189,0,green
2016-11-15,-1.192510000000027,0,green
2016-11-16,-1.026440000000008,0,green
2016-11-17,-0.8638799999999947,0,green
2016-11-18,-0.705660000000023,0,green
2016-11-19,-0.5526299999999651,0,green
2016-11-20,-0.4056099999999958,0,green
2016-11-21,-0.26542999999998074,0,green
2016-11-22,-0.13293999999999073,0,green
2016-11-23,-0.008949999999998681,0,green
2016-11-24,0.10569000000000983,0,green
2016-11-25,0.2101600000000019,0,green
2016-11-26,0.3036199999999951,0,green
2016-11-27,0.38524000000001024,0,green
2016-11-28,0.4541899999999828,0,green
2016-11-29,0.5096399999999903,0,green
2016-11-30,0.5507299999999873,0,green
2016-12-01,0.5766700000000071,0,green
2016-12-02,0.5934899999999743,0,green
2016-12-03,0.6079099999999755,0,green
2016-12-04,0.6200499999999636,0,green
2016-12-05,0.6300499999999829,0,green
2016-12-06,0.6380299999999863,0,green
2016-12-07,0.6441199999999867,0,green
2016-12-08,0.6484399999999653,0,green
2016-12-09,0.6511400000000265,0,green
2016-12-10,0.652339999999981,0,green
2016-12-11,0.6521499999999776,0,green
2016-12-12,0.6507199999999784,0,green
2016-12-13,0.6481700000000217,0,green
2016-12-14,0.6446400000000096,0,green
2016-12-15,0.6402499999999804,0,green
2016-12-16,0.6351299999999753,0,green
2016-12-17,0.6294000000000324,0,green
2016-12-18,0.6231900000000223,0,green
2016-12-19,0.6166599999999676,0,green
2016-12-20,0.6098899999999787,0,green
2016-12-21,0.6030400000000213,0,green
2016-12-22,0.5962300000000198,0,green
2016-12-23,0.5895900000000154,0,green
2016-12-24,0.5832599999999672,0,green
2016-12-25,0.577350000000024,0,green
2016-12-26,0.571990000000028,0,green
2016-12-27,0.5673199999999952,0,green
2016-12-28,0.5634600000000205,0,green
2016-12-29,0.5605500000000347,0,green
2016-12-30,0.5587100000000191,0,green
2016-12-31,0.5580600000000118,0,green
2017-01-01,0.5580600000000118,0,green
2017-01-02,0.5580700000000434,0,green
2017-01-03,0.5580700000000434,0,green
2017-01-04,0.5580600000000118,0,green
2017-01-05,0.5580600000000118,0,green
2017-01-06,0.5580600000000118,0,green
2017-01-07,0.5580700000000434,0,green
2017-01-08,0.5580699999999865,0,green
2017-01-09,0.5580600000000118,0,green
2017-01-10,0.5580600000000118,0,green
2017-01-11,0.5580600000000118,0,green
2017-01-12,0.5580699999999865,0,green
2017-01-13,0.5580699999999865,0,green
2017-01-14,0.5580600000000118,0,green
2017-01-15,0.5580600000000118,0,green
2017-01-16,0.5580699999999865,0,green
2017-01-17,0.5580699999999865,0,green
2017-01-18,0.5580600000000118,0,green
2017-01-19,0.5580600000000118,0,green
2017-01-20,0.5580599999999549,0,green
2017-01-21,0.5580699999999865,0,green
2017-01-22,0.5580699999999865,0,green
2017-01-23,0.5580600000000118,0,green
2017-01-24,0.5580599999999549,0,green
2017-01-25,0.5580600000000118,0,green
2017-01-26,0.5580699999999865,0,green
2017-01-27,0.5580699999999865,0,green
2017-01-28,0.5580599999999549,0,green
2017-01-29,0.5580600000000118,0,green
2017-01-30,0.5580699999999865,0,green
2017-01-31,0.5580699999999865,0,green
2017-02-01,0.5580599999999549,0,green
2017-02-02,0.5815000000000055,0,green
2017-02-03,0.6500199999999836,0,green
2017-02-04,0.7609400000000051,0,green
2017-02-05,0.9115899999999897,0,green
2017-02-06,1.09926999999999,0,green
2017-02-07,1.3213200000000143,0,green
2017-02-08,1.5750600000000077,0,green
2017-02-09,1.8577999999999975,0,green
2017-02-10,2.166870000000017,0,green
2017-02-11,2.4995700000000056,0,green
2017-02-12,2.8532500000000027,0,green
2017-02-13,3.2252200000000357,0,green
2017-02-14,3.612790000000018,0,green
2017-02-15,4.013280000000009,0,green
2017-02-16,4.4240199999999845,0,green
2017-02-17,4.842330000000004,0,green
2017-02-18,5.2655300000000125,0,green
2017-02-19,5.690940000000012,0,green
2017-02-20,6.115859999999998,0,green
2017-02-21,6.537649999999985,0,green
2017-02-22,6.9535999999999945,0,green
2017-02-23,7.361040000000003,0,green
2017-02-24,7.757289999999955,1,yellow
2017-02-25,8.139659999999992,1,yellow
2017-02-26,8.505490000000009,1,yellow
2017-02-27,8.852090000000032,1,yellow
2017-02-28,9.176779999999951,1,yellow
2017-03-01,9.47687000000002,1,yellow
2017-03-02,9.763660000000016,1,yellow
2017-03-03,10.05021000000005,1,yellow
2017-03-04,10.31311999999997,1,yellow
2017-03-05,10.530740000000037,1,yellow
2017-03-06,10.705780000000004,1,yellow
2017-03-07,10.840940000000046,1,yellow
2017-03-08,10.938910000000021,1,yellow
2017-03-09,11.002389999999991,1,yellow
2017-03-10,11.034080000000017,1,yellow
2017-03-11,11.03667999999999,1,yellow
2017-03-12,11.012879999999996,1,yellow
2017-03-13,10.965390000000014,1,yellow
2017-03-14,10.896889999999985,1,yellow
2017-03-15,10.81007999999997,1,yellow
2017-03-16,10.707679999999982,1,yellow
2017-03-17,10.592359999999985,1,yellow
2017-03-18,10.46683999999999,1,yellow
2017-03-19,10.333810000000028,1,yellow
2017-03-20,10.195960000000014,1,yellow
2017-03-21,10.055990000000008,1,yellow
2017-03-22,9.916609999999991,1,yellow
2017-03-23,9.780490000000043,1,yellow
2017-03-24,9.65037000000001,1,yellow
2017-03-25,9.528909999999996,1,yellow
2017-03-26,9.418830000000014,1,yellow
2017-03-27,9.322820000000036,1,yellow
2017-03-28,9.243580000000009,1,yellow
2017-03-29,9.183799999999962,1,yellow
2017-03-30,9.146180000000015,1,yellow
2017-03-31,9.133429999999976,1,yellow
2017-04-01,9.134270000000015,1,yellow
2017-04-02,9.139009999999985,1,yellow
2017-04-03,9.150500000000022,1,yellow
2017-04-04,9.168079999999975,1,yellow
2017-04-05,9.191069999999968,1,yellow
2017-04-06,9.218759999999975,1,yellow
2017-04-07,9.250479999999982,1,yellow
2017-04-08,9.28555,1,yellow
2017-04-09,9.323279999999954,1,yellow
2017-04-10,9.362979999999993,1,yellow
2017-04-11,9.403959999999984,1,yellow
2017-04-12,9.445549999999969,1,yellow
2017-04-13,9.487070000000017,1,yellow
2017-04-14,9.52782000000002,1,yellow
2017-04-15,9.567110000000014,1,yellow
2017-04-16,9.604269999999985,1,yellow
2017-04-17,9.638610000000028,1,yellow
2017-04-18,9.669439999999952,1,yellow
2017-04-19,9.69608999999997,1,yellow
2017-04-20,9.71786000000003,1,yellow
2017-04-21,9.734070000000031,1,yellow
2017-04-22,9.744039999999984,1,yellow
2017-04-23,9.747070000000008,1,yellow
2017-04-24,9.742490000000032,1,yellow
2017-04-25,9.72960999999998,1,yellow
2017-04-26,9.707740000000001,1,yellow
2017-04-27,9.676199999999994,1,yellow
2017-04-28,9.634310000000028,1,yellow
2017-04-29,9.581389999999999,1,yellow
2017-04-30,9.516729999999995,1,yellow
2017-05-01,9.439669999999978,1,yellow
2017-05-02,9.349240000000009,1,yellow
2017-05-03,9.24563999999998,1,yellow
2017-05-04,9.129889999999989,1,yellow
2017-05-05,9.003000000000043,1,yellow
2017-05-06,8.86599000000001,1,yellow
2017-05-07,8.719889999999964,1,yellow
2017-05-08,8.565709999999967,1,yellow
2017-05-09,8.404470000000003,1,yellow
2017-05-10,8.237190000000055,1,yellow
2017-05-11,8.064900000000023,1,yellow
2017-05-12,7.888610000000028,1,yellow
2017-05-13,7.709330000000023,1,yellow
2017-05-14,7.528099999999995,1,yellow
2017-05-15,7.34593000000001,0,green
2017-05-16,7.163839999999993,0,green
2017-05-17,6.982849999999985,0,green
2017-05-18,6.803970000000049,0,green
2017-05-19,6.6282300000000305,0,green
2017-05-20,6.456649999999968,0,green
2017-05-21,6.290249999999958,0,green
2017-05-22,6.130040000000008,0,green
2017-05-23,5.97705000000002,0,green
2017-05-24,5.832299999999975,0,green
2017-05-25,5.696800000000053,0,green
2017-05-26,5.571579999999983,0,green
2017-05-27,5.457650000000001,0,green
2017-05-28,5.356040000000007,0,green
2017-05-29,5.267750000000035,0,green
2017-05-30,5.193829999999991,0,green
2017-05-31,5.135280000000023,0,green
2017-06-01,5.090039999999988,0,green
2017-06-02,5.05419999999998,0,green
2017-06-03,5.026209999999992,0,green
2017-06-04,5.005560000000003,0,green
2017-06-05,4.991719999999987,0,green
2017-06-06,4.984170000000006,0,green
2017-06-07,4.982390000000009,0,green
2017-06-08,4.985850000000028,0,green
2017-06-09,4.994039999999984,0,green
2017-06-10,5.006419999999991,0,green
2017-06-11,5.022469999999998,0,green
2017-06-12,5.041669999999954,0,green
2017-06-13,5.063499999999976,0,green
2017-06-14,5.087440000000015,0,green
2017-06-15,5.112960000000044,0,green
2017-06-16,5.139530000000036,0,green
2017-06-17,5.166649999999947,0,green
2017-06-18,5.193769999999972,0,green
2017-06-19,5.220379999999977,0,green
2017-06-20,5.245960000000025,0,green
2017-06-21,5.269990000000007,0,green
2017-06-22,5.291929999999979,0,green
2017-06-23,5.311270000000036,0,green
2017-06-24,5.327489999999955,0,green
2017-06-25,5.340050000000019,0,green
2017-06-26,5.348439999999982,0,green
2017-06-27,5.352129999999988,0,green
2017-06-28,5.350619999999992,0,green
2017-06-29,5.343350000000044,0,green
2017-06-30,5.329810000000009,0,green
2017-07-01,5.309500000000014,0,green
2017-07-02,5.284760000000006,0,green
2017-07-03,5.258440000000007,0,green
2017-07-04,5.23067999999995,0,green
2017-07-05,5.201689999999985,0,green
2017-07-06,5.1716200000000185,0,green
2017-07-07,5.140640000000019,0,green
2017-07-08,5.108920000000012,0,green
2017-07-09,5.076619999999991,0,green
2017-07-10,5.0439400000000205,0,green
2017-07-11,5.011030000000005,0,green
2017-07-12,4.978070000000002,0,green
2017-07-13,4.945220000000006,0,green
2017-07-14,4.9126399999999535,0,green
2017-07-15,4.880529999999965,0,green
2017-07-16,4.849049999999977,0,green
2017-07-17,4.818360000000041,0,green
2017-07-18,4.7886400000000435,0,green
2017-07-19,4.76006000000001,0,green
2017-07-20,4.732770000000016,0,green
2017-07-21,4.706969999999956,0,green
2017-07-22,4.682819999999992,0,green
2017-07-23,4.660489999999982,0,green
2017-07-24,4.640140000000031,0,green
2017-07-25,4.62194999999997,0,green
2017-07-26,4.606100000000026,0,green
2017-07-27,4.592750000000024,0,green
2017-07-28,4.582059999999956,0,green
2017-07-29,4.574219999999968,0,green
2017-07-30,4.5693899999999985,0,green
2017-07-31,4.567739999999958,0,green
2017-08-01,4.567740000000015,0,green
2017-08-02,4.567740000000015,0,green
2017-08-03,4.567750000000046,0,green
2017-08-04,4.567740000000015,0,green
2017-08-05,4.567740000000015,0,green
2017-08-06,4.567740000000015,0,green
2017-08-07,4.567739999999958,0,green
2017-08-08,4.5677499999999895,0,green
2017-08-09,4.567739999999958,0,green
2017-08-10,4.567739999999958,0,green
2017-08-11,4.567740000000015,0,green
2017-08-12,4.567740000000015,0,green
2017-08-13,4.567750000000046,0,green
2017-08-14,4.567740000000015,0,green
2017-08-15,4.567740000000015,0,green
2017-08-16,4.567739999999958,0,green
2017-08-17,4.567739999999958,0,green
2017-08-18,4.567740000000015,0,green
2017-08-19,4.5677499999999895,0,green
2017-08-20,4.567740000000015,0,green
2017-08-21,4.567740000000015,0,green
2017-08-22,4.567740000000015,0,green
2017-08-23,4.567740000000015,0,green
2017-08-24,4.5677499999999895,0,green
2017-08-25,4.567740000000015,0,green
2017-08-26,4.567739999999958,0,green
2017-08-27,4.567740000000015,0,green
2017-08-28,4.567740000000015,0,green
2017-08-29,4.5677499999999895,0,green
2017-08-30,4.567740000000015,0,green
2017-08-31,4.567740000000015,0,green
2017-09-01,4.567740000000015,0,green
2017-09-02,4.571149999999989,0,green
2017-09-03,4.5809300000000235,0,green
2017-09-04,4.59639999999996,0,green
2017-09-05,4.616899999999987,0,green
2017-09-06,4.641760000000033,0,green
2017-09-07,4.670310000000029,0,green
2017-09-08,4.7018900000000485,0,green
2017-09-09,4.735810000000015,0,green
2017-09-10,4.771400000000028,0,green
2017-09-11,4.807999999999993,0,green
2017-09-12,4.844939999999951,0,green
2017-09-13,4.881559999999979,0,green
2017-09-14,4.917169999999999,0,green
2017-09-15,4.951100000000054,0,green
2017-09-16,4.9827000000000226,0,green
2017-09-17,5.011279999999999,0,green
2017-09-18,5.036180000000002,0,green
2017-09-19,5.056739999999991,0,green
2017-09-20,5.072259999999972,0,green
2017-09-21,5.0820999999999685,0,green
2017-09-22,5.0855699999999615,0,green
2017-09-23,5.082010000000025,0,green
2017-09-24,5.07075999999995,0,green
2017-09-25,5.051130000000001,0,green
2017-09-26,5.022449999999992,0,green
2017-09-27,4.9840599999999995,0,green
2017-09-28,4.935290000000009,0,green
2017-09-29,4.875479999999982,0,green
2017-09-30,4.803940000000011,0,green
2017-10-01,4.71999999999997,0,green
2017-10-02,4.624680000000012,0,green
2017-10-03,4.519999999999982,0,green
2017-10-04,4.406780000000026,0,green
2017-10-05,4.285829999999976,0,green
2017-10-06,4.157999999999959,0,green
2017-10-07,4.024099999999976,0,green
2017-10-08,3.884959999999978,0,green
2017-10-09,3.7414099999999735,0,green
2017-10-10,3.594290000000001,0,green
2017-10-11,3.4443999999999733,0,green
2017-10-12,3.2925900000000183,0,green
2017-10-13,3.1396799999999985,0,green
2017-10-14,2.986479999999972,0,green
2017-10-15,2.833849999999984,0,green
2017-10-16,2.682579999999973,0,green
2017-10-17,2.53352000000001,0,green
2017-10-18,2.387490000000014,0,green
2017-10-19,2.2453199999999924,0,green
2017-10-20,2.1078500000000417,0,green
2017-10-21,1.975870000000043,0,green
2017-10-22,1.8502399999999852,0,green
2017-10-23,1.7317699999999832,0,green
2017-10-24,1.6212900000000445,0,green
2017-10-25,1.5196300000000065,0,green
2017-10-26,1.4276199999999903,0,green
2017-10-27,1.3460900000000038,0,green
2017-10-28,1.2758399999999597,0,green
2017-10-29,1.2177300000000173,0,green
2017-10-30,1.1725599999999758,0,green
2017-10-31,1.1411800000000198,0,green
2017-11-01,1.1193199999999592,0,green
2017-11-02,1.1012799999999743,0,green
2017-11-03,1.0860799999999813,0,green
2017-11-04,1.0735900000000242,0,green
2017-11-05,1.0636200000000144,0,green
2017-11-06,1.0560300000000211,0,green
2017-11-07,1.050670000000025,0,green
2017-11-08,1.0473700000000008,0,green
2017-11-09,1.0459699999999543,0,green
2017-11-10,1.0463300000000118,0,green
2017-11-11,1.0482700000000023,0,green
2017-11-12,1.051649999999995,0,green
2017-11-13,1.0563099999999963,0,green
2017-11-14,1.0620799999999804,0,green
2017-11-15,1.0688299999999913,0,green
2017-11-16,1.076379999999972,0,green
2017-11-17,1.0845899999999915,0,green
2017-11-18,1.0932800000000498,0,green
2017-11-19,1.102299999999957,0,green
2017-11-20,1.111509999999953,0,green
2017-11-21,1.120740000000012,0,green
2017-11-22,1.1298300000000268,0,green
2017-11-23,1.1386400000000094,0,green
2017-11-24,1.1469900000000166,0,green
2017-11-25,1.1547300000000291,0,green
2017-11-26,1.161709999999971,0,green
2017-11-27,1.1677799999999934,0,green
2017-11-28,1.1727500000000077,0,green
2017-11-29,1.1765000000000327,0,green
2017-11-30,1.178859999999986,0,green
2017-12-01,1.1796600000000126,0,green
2017-12-02,1.1793800000000374,0,green
2017-12-03,1.1786200000000235,0,green
2017-12-04,1.1773900000000026,0,green
2017-12-05,1.17577,0,green
2017-12-06,1.1737899999999968,0,green
2017-12-07,1.171479999999974,0,green
2017-12-08,1.1689100000000394,0,green
2017-12-09,1.1661100000000033,0,green
2017-12-10,1.1631300000000238,0,green
2017-12-11,1.1600099999999998,0,green
2017-12-12,1.1567900000000009,0,green
2017-12-13,1.1535200000000145,0,green
2017-12-14,1.1502500000000282,0,green
2017-12-15,1.147010000000023,0,green
2017-12-16,1.1438600000000179,0,green
2017-12-17,1.1408199999999624,0,green
2017-12-18,1.1379599999999641,0,green
2017-12-19,1.135310000000004,0,green
2017-12-20,1.1329200000000128,0,green
2017-12-21,1.130830000000003,0,green
2017-12-22,1.1290899999999624,0,green
2017-12-23,1.1277299999999855,0,green
2017-12-24,1.1268099999999777,0,green
2017-12-25,1.1263799999999833,0,green
2017-12-26,1.126450000000034,0,green
2017-12-27,1.1271000000000413,0,green
2017-12-28,1.1283599999999865,0,green
2017-12-29,1.1302799999999706,0,green
2017-12-30,1.1328899999999749,0,green
2017-12-31,1.1362399999999866,0,green
2018-01-01,1.1406399999999621,0,green
2018-01-02,1.1484500000000253,0,green
2018-01-03,1.161609999999996,0,green
2018-01-04,1.1798100000000318,0,green
2018-01-05,1.202799999999968,0,green
2018-01-06,1.230290000000025,0,green
2018-01-07,1.2620000000000005,0,green
2018-01-08,1.2976500000000328,0,green
2018-01-09,1.3369599999999764,0,green
2018-01-10,1.3796600000000012,0,green
2018-01-11,1.4254600000000437,0,green
2018-01-12,1.4741000000000213,0,green
2018-01-13,1.5252699999999777,0,green
2018-01-14,1.5787200000000325,0,green
2018-01-15,1.634149999999977,0,green
2018-01-16,1.6913000000000125,0,green
2018-01-17,1.7498800000000188,0,green
2018-01-18,1.8096100000000206,0,green
2018-01-19,1.870209999999986,0,green
2018-01-20,1.931410000000028,0,green
2018-01-21,1.9929300000000012,0,green
2018-01-22,2.054489999999987,0,green
2018-01-23,2.1158000000000357,0,green
2018-01-24,2.176590000000033,0,green
2018-01-25,2.2365899999999783,0,green
2018-01-26,2.295500000000004,0,green
2018-01-27,2.3530700000000024,0,green
2018-01-28,2.408990000000017,0,green
2018-01-29,2.4629900000000475,0,green
2018-01-30,2.5148100000000113,0,green
2018-01-31,2.5641600000000153,0,green
2018-02-01,2.60863999999998,0,green
2018-02-02,2.6462700000000154,0,green
2018-02-03,2.677570000000003,0,green
2018-02-04,2.703010000000006,0,green
2018-02-05,2.7230799999999817,0,green
2018-02-06,2.738239999999962,0,green
2018-02-07,2.748989999999992,0,green
2018-02-08,2.755800000000022,0,green
2018-02-09,2.759149999999977,0,green
2018-02-10,2.7595199999999522,0,green
2018-02-11,2.7573899999999867,0,green
2018-02-12,2.75324999999998,0,green
2018-02-13,2.7475599999999645,0,green
2018-02-14,2.740820000000042,0,green
2018-02-15,2.7334900000000175,0,green
2018-02-16,2.726060000000018,0,green
2018-02-17,2.7190200000000004,0,green
2018-02-18,2.7128400000000283,0,green
2018-02-19,2.7079899999999952,0,green
2018-02-20,2.7049499999999966,0,green
2018-02-21,2.704209999999989,0,green
2018-02-22,2.706259999999986,0,green
2018-02-23,2.711559999999963,0,green
2018-02-24,2.7205900000000156,0,green
2018-02-25,2.7338499999999613,0,green
2018-02-26,2.751790000000028,0,green
2018-02-27,2.7749200000000087,0,green
2018-02-28,2.803699999999992,0,green
2018-03-01,2.8386199999999917,0,green
2018-03-02,2.878789999999981,0,green
2018-03-03,2.9231399999999894,0,green
2018-03-04,2.971589999999992,0,green
2018-03-05,3.0237599999999816,0,green
2018-03-06,3.079310000000021,0,green
2018-03-07,3.1378899999999703,0,green
2018-03-08,3.199170000000038,0,green
2018-03-09,3.2627899999999954,0,green
2018-03-10,3.328429999999969,0,green
2018-03-11,3.39572000000004,0,green
2018-03-12,3.4643400000000497,0,green
2018-03-13,3.533929999999998,0,green
2018-03-14,3.604160000000036,0,green
2018-03-15,3.674669999999992,0,green
2018-03-16,3.7451299999999605,0,green
2018-03-17,3.8152000000000044,0,green
2018-03-18,3.884529999999984,0,green
2018-03-19,3.952769999999987,0,green
2018-03-20,4.019589999999994,0,green
2018-03-21,4.084639999999979,0,green
2018-03-22,4.1475900000000365,0,green
2018-03-23,4.208079999999995,0,green
2018-03-24,4.26576,0,green
2018-03-25,4.320310000000006,0,green
2018-03-26,4.371379999999988,0,green
2018-03-27,4.418610000000001,0,green
2018-03-28,4.461680000000001,0,green
2018-03-29,4.500219999999956,0,green
2018-03-30,4.533919999999966,0,green
2018-03-31,4.56241,0,green
2018-04-01,4.586720000000014,0,green
2018-04-02,4.608470000000011,0,green
2018-04-03,4.6281399999999735,0,green
2018-04-04,4.645840000000021,0,green
2018-04-05,4.661630000000002,0,green
2018-04-06,4.675640000000044,0,green
2018-04-07,4.687950000000001,0,green
2018-04-08,4.6986499999999864,0,green
2018-04-09,4.707840000000033,0,green
2018-04-10,4.715620000000001,0,green
2018-04-11,4.7220799999999485,0,green
2018-04-12,4.727309999999989,0,green
2018-04-13,4.731400000000008,0,green
2018-04-14,4.734470000000044,0,green
2018-04-15,4.736590000000035,0,green
2018-04-16,4.737860000000012,0,green
2018-04-17,4.7383800000000065,0,green
2018-04-18,4.738240000000019,0,green
2018-04-19,4.737540000000024,0,green
2018-04-20,4.736370000000022,0,green
2018-04-21,4.7348199999999565,0,green
2018-04-22,4.733000000000004,0,green
2018-04-23,4.7309999999999945,0,green
2018-04-24,4.72890000000001,0,green
2018-04-25,4.726800000000026,0,green
2018-04-26,4.724809999999991,0,green
2018-04-27,4.723009999999988,0,green
2018-04-28,4.721510000000023,0,green
2018-04-29,4.720390000000009,0,green
2018-04-30,4.719740000000002,0,green
2018-05-01,4.719660000000033,0,green
2018-05-02,4.72417999999999,0,green
2018-05-03,4.736640000000023,0,green
2018-05-04,4.756149999999991,0,green
2018-05-05,4.781830000000014,0,green
2018-05-06,4.812790000000007,0,green
2018-05-07,4.848140000000001,0,green
2018-05-08,4.8870000000000005,0,green
2018-05-09,4.928470000000004,0,green
2018-05-10,4.9716699999999605,0,green
2018-05-11,5.015710000000013,0,green
2018-05-12,5.0597099999999955,0,green
2018-05-13,5.102769999999964,0,green
2018-05-14,5.143999999999949,0,green
2018-05-15,5.182529999999986,0,green
2018-05-16,5.21745999999996,0,green
2018-05-17,5.24790999999999,0,green
2018-05-18,5.272980000000018,0,green
2018-05-19,5.29177999999996,0,green
2018-05-20,5.303439999999966,0,green
2018-05-21,5.30707000000001,0,green
2018-05-22,5.301760000000002,0,green
2018-05-23,5.286639999999977,0,green
2018-05-24,5.260829999999999,0,green
2018-05-25,5.223430000000008,0,green
2018-05-26,5.173550000000034,0,green
2018-05-27,5.110299999999995,0,green
2018-05-28,5.032800000000009,0,green
2018-05-29,4.940159999999992,0,green
2018-05-30,4.8315000000000055,0,green
2018-05-31,4.705919999999992,0,green
2018-06-01,4.558209999999974,0,green
2018-06-02,4.393129999999985,0,green
2018-06-03,4.220660000000009,0,green
2018-06-04,4.041719999999998,0,green
2018-06-05,3.8571999999999775,0,green
2018-06-06,3.668009999999981,0,green
2018-06-07,3.475059999999985,0,green
2018-06-08,3.279239999999959,0,green
2018-06-09,3.081479999999999,0,green
2018-06-10,2.882660000000044,0,green
2018-06-11,2.683710000000019,0,green
2018-06-12,2.4855300000000398,0,green
2018-06-13,2.289010000000019,0,green
2018-06-14,2.095070000000021,0,green
2018-06-15,1.904609999999991,0,green
2018-06-16,1.7185400000000186,0,green
2018-06-17,1.5377699999999663,0,green
2018-06-18,1.3631900000000314,0,green
2018-06-19,1.195730000000026,0,green
2018-06-20,1.036260000000027,0,green
2018-06-21,0.8857199999999921,0,green
2018-06-22,0.7450000000000045,0,green
2018-06-23,0.6150000000000091,0,green
2018-06-24,0.49664999999998827,0,green
2018-06-25,0.390829999999994,0,green
2018-06-26,0.2984700000000089,0,green
2018-06-27,0.22044999999997117,0,green
2018-06-28,0.15768000000002758,0,green
2018-06-29,0.11108999999999014,0,green
2018-06-30,0.08155999999996766,0,green
2018-07-01,0.07000000000005002,0,green
2018-07-02,0.06788000000000238,0,green
2018-07-03,0.06602999999995518,0,green
2018-07-04,0.06442999999995891,0,green
2018-07-05,0.06308000000001357,0,green
2018-07-06,0.06195999999999913,0,green
2018-07-07,0.06105999999999767,0,green
2018-07-08,0.06037000000003445,0,green
2018-07-09,0.05985000000003993,0,green
2018-07-10,0.0595199999999636,0,green
2018-07-11,0.059340000000020154,0,green
2018-07-12,0.05930999999998221,0,green
2018-07-13,0.059419999999988704,0,green
2018-07-14,0.059629999999970096,0,green
2018-07-15,0.05996000000004642,0,green
2018-07-16,0.06036999999997761,0,green
2018-07-17,0.06085999999999103,0,green
2018-07-18,0.061419999999998254,0,green
2018-07-19,0.062009999999986576,0,green
2018-07-20,0.0626399999999876,0,green
2018-07-21,0.06328999999999496,0,green
2018-07-22,0.06395000000003392,0,green
2018-07-23,0.06459999999998445,0,green
2018-07-24,0.06522000000001071,0,green
2018-07-25,0.06580000000002428,0,green
2018-07-26,0.06632999999999356,0,green
2018-07-27,0.06680000000000064,0,green
2018-07-28,0.06720000000001392,0,green
2018-07-29,0.0674900000000207,0,green
2018-07-30,0.06767000000002099,0,green
2018-07-31,0.06773999999995794,0,green
2018-08-01,0.06774000000001479,0,green
2018-08-02,0.06774000000001479,0,green
2018-08-03,0.06774999999998954,0,green
2018-08-04,0.06773999999995794,0,green
2018-08-05,0.06774000000001479,0,green
2018-08-06,0.06774000000001479,0,green
2018-08-07,0.06774000000001479,0,green
2018-08-08,0.06774999999998954,0,green
2018-08-09,0.06774000000001479,0,green
2018-08-10,0.06773999999995794,0,green
2018-08-11,0.06774000000001479,0,green
2018-08-12,0.06774000000001479,0,green
2018-08-13,0.06774999999998954,0,green
2018-08-14,0.06773999999995794,0,green
2018-08-15,0.06774000000001479,0,green
2018-08-16,0.06774000000001479,0,green
2018-08-17,0.06773999999995794,0,green
2018-08-18,0.06774000000001479,0,green
2018-08-19,0.06774999999998954,0,green
2018-08-20,0.06774000000001479,0,green
2018-08-21,0.06774000000001479,0,green
2018-08-22,0.06774000000001479,0,green
2018-08-23,0.06773999999995794,0,green
2018-08-24,0.06774999999998954,0,green
2018-08-25,0.06774000000001479,0,green
2018-08-26,0.06774000000001479,0,green
2018-08-27,0.06773999999995794,0,green
2018-08-28,0.06774000000001479,0,green
2018-08-29,0.06774999999998954,0,green
2018-08-30,0.06774000000001479,0,green
2018-08-31,0.06773999999995794,0,green
2018-09-01,0.06774000000001479,0,green
2018-09-02,0.07928000000003976,0,green
2018-09-03,0.11313000000001239,0,green
2018-09-04,0.16807999999997492,0,green
2018-09-05,0.2429700000000139,0,green
2018-09-06,0.3365999999999758,0,green
2018-09-07,0.44779999999997244,0,green
2018-09-08,0.5753899999999703,0,green
2018-09-09,0.7181699999999864,0,green
2018-09-10,0.8749599999999873,0,green
2018-09-11,1.0445900000000279,0,green
2018-09-12,1.225870000000043,0,green
2018-09-13,1.4176199999999994,0,green
2018-09-14,1.6186500000000024,0,green
2018-09-15,1.8277800000000184,0,green
2018-09-16,2.0438200000000393,0,green
2018-09-17,2.2656000000000063,0,green
2018-09-18,2.4919199999999933,0,green
2018-09-19,2.7216300000000047,0,green
2018-09-20,2.9535099999999943,0,green
2018-09-21,3.186390000000017,0,green
2018-09-22,3.4190900000000397,0,green
2018-09-23,3.650419999999997,0,green
2018-09-24,3.8792199999999752,0,green
2018-09-25,4.104269999999985,0,green
2018-09-26,4.32441,0,green
2018-09-27,4.538459999999986,0,green
2018-09-28,4.7452200000000175,0,green
2018-09-29,4.94353000000001,0,green
2018-09-30,5.132180000000005,0,green
2018-10-01,5.310000000000002,0,green
2018-10-02,5.475649999999973,0,green
2018-10-03,5.6286400000000185,0,green
2018-10-04,5.769119999999987,0,green
2018-10-05,5.897209999999973,0,green
2018-10-06,6.013030000000015,0,green
2018-10-07,6.1167200000000435,0,green
2018-10-08,6.20840000000004,0,green
2018-10-09,6.288210000000049,0,green
2018-10-10,6.356269999999995,0,green
2018-10-11,6.412709999999947,0,green
2018-10-12,6.457659999999976,0,green
2018-10-13,6.491250000000036,0,green
2018-10-14,6.513599999999997,0,green
2018-10-15,6.524850000000015,0,green
2018-10-16,6.52512999999999,0,green
2018-10-17,6.514549999999986,0,green
2018-10-18,6.493269999999995,0,green
2018-10-19,6.461389999999994,0,green
2018-10-20,6.41904999999997,0,green
2018-10-21,6.366379999999992,0,green
2018-10-22,6.30350999999996,0,green
2018-10-23,6.230559999999969,0,green
2018-10-24,6.147670000000005,0,green
2018-10-25,6.054959999999994,0,green
2018-10-26,5.952560000000005,0,green
2018-10-27,5.840599999999995,0,green
2018-10-28,5.7192099999999755,0,green
2018-10-29,5.588520000000017,0,green
2018-10-30,5.448660000000018,0,green
2018-10-31,5.299759999999992,0,green
2018-11-01,5.130550000000028,0,green
2018-11-02,4.939619999999991,0,green
2018-11-03,4.737630000000024,0,green
2018-11-04,4.525760000000048,0,green
2018-11-05,4.305229999999995,0,green
2018-11-06,4.077200000000005,0,green
2018-11-07,3.842870000000005,0,green
2018-11-08,3.6034099999999967,0,green
2018-11-09,3.36002000000002,0,green
2018-11-10,3.11387000000002,0,green
2018-11-11,2.8661599999999794,0,green
2018-11-12,2.6180799999999635,0,green
2018-11-13,2.370810000000006,0,green
2018-11-14,2.1255199999999945,0,green
2018-11-15,1.883420000000001,0,green
2018-11-16,1.6456900000000019,0,green
2018-11-17,1.413499999999999,0,green
2018-11-18,1.1880600000000072,0,green
2018-11-19,0.9705299999999966,0,green
2018-11-20,0.7621199999999817,0,green
2018-11-21,0.5640000000000214,0,green
2018-11-22,0.3773700000000417,0,green
2018-11-23,0.2033999999999878,0,green
2018-11-24,0.04329000000001315,0,green
2018-11-25,-0.10177999999996246,0,green
2018-11-26,-0.23063999999999396,0,green
2018-11-27,-0.34206999999997834,0,green
2018-11-28,-0.4349200000000337,0,green
2018-11-29,-0.507979999999975,0,green
2018-11-30,-0.5600699999999961,0,green
2018-12-01,-0.5900000000000318,0,green
2018-12-02,-0.6071900000000028,0,green
2018-12-03,-0.6219199999999887,0,green
2018-12-04,-0.634330000000034,0,green
2018-12-05,-0.6445400000000063,0,green
2018-12-06,-0.6526900000000069,0,green
2018-12-07,-0.6589100000000485,0,green
2018-12-08,-0.6633400000000051,0,green
2018-12-09,-0.666089999999997,0,green
2018-12-10,-0.6673000000000116,0,green
2018-12-11,-0.6671099999999797,0,green
2018-12-12,-0.665649999999971,0,green
2018-12-13,-0.66306000000003,0,green
2018-12-14,-0.6594400000000178,0,green
2018-12-15,-0.6549499999999853,0,green
2018-12-16,-0.6497100000000273,0,green
2018-12-17,-0.643859999999961,0,green
2018-12-18,-0.6375299999999697,0,green
2018-12-19,-0.6308300000000031,0,green
2018-12-20,-0.6239199999999983,0,green
2018-12-21,-0.6169300000000248,0,green
2018-12-22,-0.6099700000000325,0,green
2018-12-23,-0.6031899999999837,0,green
2018-12-24,-0.5967099999999732,0,green
2018-12-25,-0.5906700000000455,0,green
2018-12-26,-0.5851999999999862,0,green
2018-12-27,-0.5804299999999785,0,green
2018-12-28,-0.5764800000000037,0,green
2018-12-29,-0.5735000000000241,0,green
2018-12-30,-0.5716300000000274,0,green
2018-12-31,-0.5709699999999884,0,green
2019-01-01,-0.5709699999999884,0,green
2019-01-02,-0.5709699999999884,0,green
2019-01-03,-0.5709600000000137,0,green
2019-01-04,-0.5709699999999884,0,green
2019-01-05,-0.5709700000000453,0,green
2019-01-06,-0.5709699999999884,0,green
2019-01-07,-0.5709600000000137,0,green
2019-01-08,-0.5709700000000453,0,green
2019-01-09,-0.5709699999999884,0,green
2019-01-10,-0.5709699999999884,0,green
2019-01-11,-0.5709699999999884,0,green
2019-01-12,-0.5709600000000137,0,green
2019-01-13,-0.5709699999999884,0,green
2019-01-14,-0.5709700000000453,0,green
2019-01-15,-0.5709699999999884,0,green
2019-01-16,-0.5709600000000137,0,green
2019-01-17,-0.5709700000000453,0,green
2019-01-18,-0.5709699999999884,0,green
2019-01-19,-0.5709699999999884,0,green
2019-01-20,-0.5709599999999568,0,green
2019-01-21,-0.5709699999999884,0,green
2019-01-22,-0.5709699999999884,0,green
2019-01-23,-0.5709700000000453,0,green
2019-01-24,-0.5709699999999884,0,green
2019-01-25,-0.5709600000000137,0,green
2019-01-26,-0.5709700000000453,0,green
2019-01-27,-0.5709699999999884,0,green
2019-01-28,-0.5709699999999884,0,green
2019-01-29,-0.5709599999999568,0,green
2019-01-30,-0.5709699999999884,0,green
2019-01-31,-0.5709699999999884,0,green
2019-02-01,-0.5709700000000453,0,green
2019-02-02,-0.5650799999999663,0,green
2019-02-03,-0.5478400000000079,0,green
2019-02-04,-0.5199199999999564,0,green
2019-02-05,-0.4819699999999898,0,green
2019-02-06,-0.4346400000000017,0,green
2019-02-07,-0.3785799999999995,0,green
2019-02-08,-0.3144699999999716,0,green
2019-02-09,-0.2429599999999823,0,green
2019-02-10,-0.16469000000000733,0,green
2019-02-11,-0.08033000000000357,0,green
2019-02-12,0.009469999999964784,0,green
2019-02-13,0.10405000000002929,0,green
2019-02-14,0.2027500000000373,0,green
2019-02-15,0.30491999999998143,0,green
2019-02-16,0.40991000000002487,0,green
2019-02-17,0.5170499999999834,0,green
2019-02-18,0.6256799999999885,0,green
2019-02-19,0.7351599999999507,0,green
2019-02-20,0.8448399999999765,0,green
2019-02-21,0.9540299999999888,0,green
2019-02-22,1.0621000000000436,0,green
2019-02-23,1.168389999999988,0,green
2019-02-24,1.2722400000000107,0,green
2019-02-25,1.3729999999999905,0,green
2019-02-26,1.4700000000000273,0,green
2019-02-27,1.5625900000000001,0,green
2019-02-28,1.6501199999999585,0,green
2019-03-01,1.7319400000000087,0,green
2019-03-02,1.8093299999999886,0,green
2019-03-03,1.8842200000000275,0,green
2019-03-04,1.9509600000000091,0,green
2019-03-05,2.004349999999988,0,green
2019-03-06,2.0452999999999975,0,green
2019-03-07,2.074709999999982,0,green
2019-03-08,2.093490000000031,0,green
2019-03-09,2.102550000000008,0,green
2019-03-10,2.1027899999999704,0,green
2019-03-11,2.0951299999999833,0,green
2019-03-12,2.0804599999999596,0,green
2019-03-13,2.0597000000000207,0,green
2019-03-14,2.0337600000000293,0,green
2019-03-15,2.003530000000012,0,green
2019-03-16,1.9699299999999766,0,green
2019-03-17,1.9338600000000383,0,green
2019-03-18,1.8962399999999775,0,green
2019-03-19,1.8579600000000482,0,green
2019-03-20,1.819940000000031,0,green
2019-03-21,1.7830700000000093,0,green
2019-03-22,1.7482700000000477,0,green
2019-03-23,1.7164599999999837,0,green
2019-03-24,1.6885199999999827,0,green
2019-03-25,1.665360000000021,0,green
2019-03-26,1.6479099999999676,0,green
2019-03-27,1.6370600000000195,0,green
2019-03-28,1.6337199999999825,0,green
2019-03-29,1.6388000000000034,0,green
2019-03-30,1.6532000000000266,0,green
2019-03-31,1.6778299999999717,0,green
2019-04-01,1.7116399999999885,0,green
2019-04-02,1.7520599999999718,0,green
2019-04-03,1.7979100000000017,0,green
2019-04-04,1.8487700000000018,0,green
2019-04-05,1.9041899999999714,0,green
2019-04-06,1.9637600000000361,0,green
2019-04-07,2.027029999999968,0,green
2019-04-08,2.0935800000000313,0,green
2019-04-09,2.1629800000000046,0,green
2019-04-10,2.234800000000007,0,green
2019-04-11,2.3086000000000126,0,green
2019-04-12,2.383960000000002,0,green
2019-04-13,2.4604499999999803,0,green
2019-04-14,2.5376400000000103,0,green
2019-04-15,2.6150900000000092,0,green
2019-04-16,2.692389999999989,0,green
2019-04-17,2.769080000000031,0,green
2019-04-18,2.8447499999999764,0,green
2019-04-19,2.9189699999999448,0,green
2019-04-20,2.99132000000003,0,green
2019-04-21,3.061339999999973,0,green
2019-04-22,3.1286100000000374,0,green
2019-04-23,3.1927200000000084,0,green
2019-04-24,3.2532300000000305,0,green
2019-04-25,3.309690000000046,0,green
2019-04-26,3.36169000000001,0,green
2019-04-27,3.408799999999985,0,green
2019-04-28,3.450580000000002,0,green
2019-04-29,3.48660000000001,0,green
2019-04-30,3.5164399999999887,0,green
2019-05-01,3.539670000000001,0,green
2019-05-02,3.557770000000005,0,green
2019-05-03,3.5726699999999596,0,green
2019-05-04,3.584540000000004,0,green
2019-05-05,3.593560000000025,0,green
2019-05-06,3.5999099999999657,0,green
2019-05-07,3.6037900000000036,0,green
2019-05-08,3.605349999999987,0,green
2019-05-09,3.6048099999999863,0,green
2019-05-10,3.602329999999995,0,green
2019-05-11,3.5980900000000133,0,green
2019-05-12,3.5922899999999913,0,green
2019-05-13,3.5850900000000365,0,green
2019-05-14,3.5766799999999535,0,green
2019-05-15,3.5672500000000014,0,green
2019-05-16,3.5569699999999784,0,green
2019-05-17,3.5460299999999734,0,green
2019-05-18,3.5346099999999865,0,green
2019-05-19,3.5229000000000497,0,green
2019-05-20,3.5110599999999863,0,green
2019-05-21,3.4992899999999736,0,green
2019-05-22,3.4877799999999866,0,green
2019-05-23,3.476690000000019,0,green
2019-05-24,3.4662099999999896,0,green
2019-05-25,3.4565299999999866,0,green
2019-05-26,3.4478300000000104,0,green
2019-05-27,3.4402800000000298,0,green
2019-05-28,3.4340799999999945,0,green
2019-05-29,3.429399999999987,0,green
2019-05-30,3.4264200000000073,0,green
2019-05-31,3.425330000000031,0,green
2019-06-01,3.4252800000000434,0,green
2019-06-02,3.428100000000029,0,green
2019-06-03,3.436210000000017,0,green
2019-06-04,3.4490499999999997,0,green
2019-06-05,3.466070000000002,0,green
2019-06-06,3.48669000000001,0,green
2019-06-07,3.5103699999999662,0,green
2019-06-08,3.5365400000000022,0,green
2019-06-09,3.564639999999997,0,green
2019-06-10,3.594130000000007,0,green
2019-06-11,3.6244100000000117,0,green
2019-06-12,3.65495999999996,0,green
2019-06-13,3.6852100000000405,0,green
2019-06-14,3.714589999999987,0,green
2019-06-15,3.7425400000000195,0,green
2019-06-16,3.7685200000000236,0,green
2019-06-17,3.7919499999999857,0,green
2019-06-18,3.812279999999987,0,green
2019-06-19,3.8289399999999887,0,green
2019-06-20,3.8414000000000215,0,green
2019-06-21,3.8490600000000086,0,green
2019-06-22,3.851379999999949,0,green
2019-06-23,3.8478099999999813,0,green
2019-06-24,3.8377699999999777,0,green
2019-06-25,3.8207199999999943,0,green
2019-06-26,3.7960899999999924,0,green
2019-06-27,3.76330999999999,0,green
2019-06-28,3.7218500000000176,0,green
2019-06-29,3.671130000000005,0,green
2019-06-30,3.6105799999999704,0,green
2019-07-01,3.539670000000001,0,green
2019-07-02,3.4605599999999868,0,green
2019-07-03,3.376199999999983,0,green
2019-07-04,3.2871399999999653,0,green
2019-07-05,3.193939999999998,0,green
2019-07-06,3.097149999999999,0,green
2019-07-07,2.99735000000004,0,green
2019-07-08,2.895060000000001,0,green
2019-07-09,2.790869999999984,0,green
2019-07-10,2.6853100000000154,0,green
2019-07-11,2.5789700000000266,0,green
2019-07-12,2.472370000000012,0,green
2019-07-13,2.366079999999954,0,green
2019-07-14,2.2606799999999794,0,green
2019-07-15,2.1567000000000007,0,green
2019-07-16,2.05471,0,green
2019-07-17,1.9552600000000098,0,green
2019-07-18,1.8589099999999803,0,green
2019-07-19,1.7662200000000325,0,green
2019-07-20,1.6777400000000284,0,green
2019-07-21,1.5940299999999752,0,green
2019-07-22,1.5156500000000506,0,green
2019-07-23,1.4431599999999776,0,green
2019-07-24,1.377110000000016,0,green
2019-07-25,1.3180600000000027,0,green
2019-07-26,1.26655999999997,0,green
2019-07-27,1.2231899999999882,0,green
2019-07-28,1.1884699999999953,0,green
2019-07-29,1.1629900000000362,0,green
2019-07-30,1.1472899999999981,0,green
2019-07-31,1.1419399999999769,0,green
2019-08-01,1.1419399999999769,0,green
2019-08-02,1.141930000000002,0,green
2019-08-03,1.1419400000000337,0,green
2019-08-04,1.141930000000002,0,green
2019-08-05,1.1419399999999769,0,green
2019-08-06,1.141930000000002,0,green
2019-08-07,1.1419400000000337,0,green
2019-08-08,1.141930000000002,0,green
2019-08-09,1.1419399999999769,0,green
2019-08-10,1.141930000000002,0,green
2019-08-11,1.1419399999999769,0,green
2019-08-12,1.1419400000000337,0,green
2019-08-13,1.141930000000002,0,green
2019-08-14,1.1419399999999769,0,green
2019-08-15,1.141930000000002,0,green
2019-08-16,1.1419400000000337,0,green
2019-08-17,1.141930000000002,0,green
2019-08-18,1.1419399999999769,0,green
2019-08-19,1.141930000000002,0,green
2019-08-20,1.1419399999999769,0,green
2019-08-21,1.1419399999999769,0,green
2019-08-22,1.141930000000002,0,green
2019-08-23,1.1419399999999769,0,green
2019-08-24,1.141930000000002,0,green
2019-08-25,1.1419400000000337,0,green
2019-08-26,1.141930000000002,0,green
2019-08-27,1.1419399999999769,0,green
2019-08-28,1.141930000000002,0,green
2019-08-29,1.1419399999999769,0,green
2019-08-30,1.141930000000002,0,green
2019-08-31,1.1419400000000337,0,green
2019-09-01,1.1419399999999769,0,green
2019-09-02,1.141239999999982,0,green
2019-09-03,1.139280000000042,0,green
2019-09-04,1.1361800000000244,0,green
2019-09-05,1.1321100000000115,0,green
2019-09-06,1.127209999999991,0,green
2019-09-07,1.1216499999999883,0,green
2019-09-08,1.1155499999999847,0,green
2019-09-09,1.1090899999999806,0,green
2019-09-10,1.1024100000000203,0,green
2019-09-11,1.0956699999999842,0,green
2019-09-12,1.0890100000000302,0,green
2019-09-13,1.0825800000000072,0,green
2019-09-14,1.0765499999999975,0,green
2019-09-15,1.0710399999999822,0,green
2019-09-16,1.0662399999999934,0,green
2019-09-17,1.0622700000000123,0,green
2019-09-18,1.0592999999999506,0,green
2019-09-19,1.0574700000000234,0,green
2019-09-20,1.0569399999999973,0,green
2019-09-21,1.0578700000000367,0,green
2019-09-22,1.0603800000000092,0,green
2019-09-23,1.064649999999972,0,green
2019-09-24,1.0708099999999945,0,green
2019-09-25,1.0790400000000204,0,green
2019-09-26,1.0894700000000057,0,green
2019-09-27,1.1022600000000011,0,green
2019-09-28,1.1175500000000511,0,green
2019-09-29,1.1355100000000107,0,green
2019-09-30,1.1562700000000063,0,green
2019-10-01,1.1800000000000068,0,green
2019-10-02,1.2127300000000218,0,green
2019-10-03,1.2598499999999717,0,green
2019-10-04,1.3205499999999688,0,green
2019-10-05,1.3940299999999866,0,green
2019-10-06,1.479469999999992,0,green
2019-10-07,1.5760500000000093,0,green
2019-10-08,1.682990000000018,0,green
2019-10-09,1.7994600000000105,0,green
2019-10-10,1.9246400000000108,0,green
2019-10-11,2.057740000000024,0,green
2019-10-12,2.197940000000017,0,green
2019-10-13,2.3444200000000137,0,green
2019-10-14,2.4963899999999626,0,green
2019-10-15,2.653030000000001,0,green
2019-10-16,2.8135200000000395,0,green
2019-10-17,2.9770599999999945,0,green
2019-10-18,3.14285000000001,0,green
2019-10-19,3.3100600000000213,0,green
2019-10-20,3.477890000000002,0,green
2019-10-21,3.6455199999999763,0,green
2019-10-22,3.8121600000000058,0,green
2019-10-23,3.976980000000026,0,green
2019-10-24,4.13918000000001,0,green
2019-10-25,4.297950000000014,0,green
2019-10-26,4.452459999999974,0,green
2019-10-27,4.601929999999982,0,green
2019-10-28,4.745529999999974,0,green
2019-10-29,4.8824599999999805,0,green
2019-10-30,5.011899999999969,0,green
2019-10-31,5.133050000000026,0,green
2019-11-01,5.239899999999977,0,green
2019-11-02,5.336310000000026,0,green
2019-11-03,5.4312700000000405,0,green
2019-11-04,5.524220000000014,0,green
2019-11-05,5.614629999999977,0,green
2019-11-06,5.701979999999992,0,green
2019-11-07,5.78570000000002,0,green
2019-11-08,5.865269999999953,0,green
2019-11-09,5.940150000000017,0,green
2019-11-10,6.0097900000000095,0,green
2019-11-11,6.073659999999961,0,green
2019-11-12,6.131239999999991,0,green
2019-11-13,6.181950000000029,0,green
2019-11-14,6.225289999999973,0,green
2019-11-15,6.260699999999986,0,green
2019-11-16,6.287649999999985,0,green
2019-11-17,6.305589999999995,0,green
2019-11-18,6.3139999999999645,0,green
2019-11-19,6.3123299999999745,0,green
2019-11-20,6.3000299999999925,0,green
2019-11-21,6.276580000000024,0,green
2019-11-22,6.241440000000011,0,green
2019-11-23,6.194069999999954,0,green
2019-11-24,6.133909999999958,0,green
2019-11-25,6.060460000000035,0,green
2019-11-26,5.9731499999999755,0,green
2019-11-27,5.871449999999982,0,green
2019-11-28,5.754819999999995,0,green
2019-11-29,5.62272999999999,0,green
2019-11-30,5.474639999999965,0,green
2019-12-01,5.310000000000002,0,green
2019-12-02,5.131019999999978,0,green
2019-12-03,4.941029999999955,0,green
2019-12-04,4.741259999999954,0,green
2019-12-05,4.532880000000034,0,green
2019-12-06,4.317100000000039,0,green
2019-12-07,4.095109999999977,0,green
2019-12-08,3.868120000000033,0,green
2019-12-09,3.6373099999999567,0,green
2019-12-10,3.4038999999999646,0,green
2019-12-11,3.1690700000000334,0,green
2019-12-12,2.9340200000000323,0,green
2019-12-13,2.699950000000001,0,green
2019-12-14,2.468060000000037,0,green
2019-12-15,2.2395399999999768,0,green
2019-12-16,2.0156000000000063,0,green
2019-12-17,1.797420000000045,0,green
2019-12-18,1.5862099999999941,0,green
2019-12-19,1.3831600000000321,0,green
2019-12-20,1.1894900000000348,0,green
2019-12-21,1.0063599999999724,0,green
2019-12-22,0.8349999999999795,0,green
2019-12-23,0.6765800000000013,0,green
2019-12-24,0.5323300000000017,0,green
2019-12-25,0.40341000000000804,0,green
2019-12-26,0.2910500000000411,0,green
2019-12-27,0.19643000000002075,0,green
2019-12-28,0.12076000000001841,0,green
2019-12-29,0.06522000000001071,0,green
2019-12-30,0.03102000000001226,0,green
2019-12-31,0.019350000000031287,0,green
2020-01-01,0.019349999999974443,0,green
2020-01-02,0.01936000000000604,0,green
2020-01-03,0.019350000000031287,0,green
2020-01-04,0.01936000000000604,0,green
2020-01-05,0.019349999999974443,0,green
2020-01-06,0.01936000000000604,0,green
2020-01-07,0.019349999999974443,0,green
2020-01-08,0.01936000000000604,0,green
2020-01-09,0.019350000000031287,0,green
2020-01-10,0.01936000000000604,0,green
2020-01-11,0.019349999999974443,0,green
2020-01-12,0.01936000000000604,0,green
2020-01-13,0.019349999999974443,0,green
2020-01-14,0.01936000000000604,0,green
2020-01-15,0.019350000000031287,0,green
2020-01-16,0.019359999999949196,0,green
2020-01-17,0.019350000000031287,0,green
2020-01-18,0.01936000000000604,0,green
2020-01-19,0.019349999999974443,0,green
2020-01-20,0.01936000000000604,0,green
2020-01-21,0.019349999999974443,0,green
2020-01-22,0.01936000000000604,0,green
2020-01-23,0.019350000000031287,0,green
2020-01-24,0.01936000000000604,0,green
2020-01-25,0.019349999999974443,0,green
2020-01-26,0.01936000000000604,0,green
2020-01-27,0.019349999999974443,0,green
2020-01-28,0.01936000000000604,0,green
2020-01-29,0.019350000000031287,0,green
2020-01-30,0.019359999999949196,0,green
2020-01-31,0.019350000000031287,0,green
2020-02-01,0.019350000000031287,0,green
2020-02-02,0.019309999999961747,0,green
2020-02-03,0.0191899999999805,0,green
2020-02-04,0.019020000000011805,0,green
2020-02-05,0.018770000000017717,0,green
2020-02-06,0.018490000000042528,0,green
2020-02-07,0.01814999999999145,0,green
2020-02-08,0.01779999999996562,0,green
2020-02-09,0.01741999999995869,0,green
2020-02-10,0.017029999999977008,0,green
2020-02-11,0.01662999999996373,0,green
2020-02-12,0.016250000000013642,0,green
2020-02-13,0.015870000000006712,0,green
2020-02-14,0.015519999999980882,0,green
2020-02-15,0.01520000000004984,0,green
2020-02-16,0.014939999999967313,0,green
2020-02-17,0.014709999999979573,0,green
2020-02-18,0.01454999999998563,0,green
2020-02-19,0.014459999999985484,0,green
2020-02-20,0.014450000000010732,0,green
2020-02-21,0.01452000000000453,0,green
2020-02-22,0.01470000000000482,0,green
2020-02-23,0.014970000000005257,0,green
2020-02-24,0.015370000000018536,0,green
2020-02-25,0.015879999999981464,0,green
2020-02-26,0.016530000000045675,0,green
2020-02-27,0.017319999999983793,0,green
2020-02-28,0.018269999999972697,0,green
2020-02-29,0.019370000000037635,0,green
2020-03-01,0.020649999999989177,0,green
2020-03-02,0.031389999999987594,0,green
2020-03-03,0.06034000000005335,0,green
2020-03-04,0.10662000000002081,0,green
2020-03-05,0.16929999999996426,0,green
2020-03-06,0.24748999999997068,0,green
2020-03-07,0.3402600000000007,0,green
2020-03-08,0.4467000000000212,0,green
2020-03-09,0.5658799999999928,0,green
2020-03-10,0.6968800000000215,0,green
2020-03-11,0.8388100000000236,0,green
2020-03-12,0.9907400000000166,0,green
2020-03-13,1.151740000000018,0,green
2020-03-14,1.320920000000001,0,green
2020-03-15,1.4973400000000083,0,green
2020-03-16,1.6800999999999817,0,green
2020-03-17,1.8682600000000207,0,green
2020-03-18,2.060929999999985,0,green
2020-03-19,2.257190000000037,0,green
2020-03-20,2.456099999999992,0,green
2020-03-21,2.656780000000026,0,green
2020-03-22,2.858280000000036,0,green
2020-03-23,3.059699999999964,0,green
2020-03-24,3.260119999999972,0,green
2020-03-25,3.458629999999971,0,green
2020-03-26,3.6543100000000095,0,green
2020-03-27,3.846239999999966,0,green
2020-03-28,4.033500000000004,0,green
2020-03-29,4.215180000000032,0,green
2020-03-30,4.390359999999987,0,green
2020-03-31,4.558130000000006,0,green
2020-04-01,4.708280000000002,0,green
2020-04-02,4.835899999999981,0,green
2020-04-03,4.946289999999976,0,green
2020-04-04,5.040370000000053,0,green
2020-04-05,5.119039999999984,0,green
2020-04-06,5.183179999999993,0,green
2020-04-07,5.23372999999998,0,green
2020-04-08,5.271580000000029,0,green
2020-04-09,5.297640000000001,0,green
2020-04-10,5.312810000000013,0,green
2020-04-11,5.317990000000009,0,green
2020-04-12,5.314109999999971,0,green
2020-04-13,5.302039999999977,0,green
2020-04-14,5.282719999999983,0,green
2020-04-15,5.257020000000011,0,green
2020-04-16,5.225880000000018,0,green
2020-04-17,5.19019000000003,0,green
2020-04-18,5.150849999999991,0,green
2020-04-19,5.1087700000000495,0,green
2020-04-20,5.0648499999999785,0,green
2020-04-21,5.020009999999957,0,green
2020-04-22,4.97514000000001,0,green
2020-04-23,4.931159999999977,0,green
2020-04-24,4.888959999999997,0,green
2020-04-25,4.84944999999999,0,green
2020-04-26,4.813550000000021,0,green
2020-04-27,4.782140000000027,0,green
2020-04-28,4.756149999999991,0,green
2020-04-29,4.736469999999997,0,green
2020-04-30,4.7239999999999895,0,green
2020-05-01,4.719659999999976,0,green
2020-05-02,4.722249999999974,0,green
2020-05-03,4.729579999999999,0,green
2020-05-04,4.741109999999992,0,green
2020-05-05,4.756290000000035,0,green
2020-05-06,4.774609999999996,0,green
2020-05-07,4.795479999999998,0,green
2020-05-08,4.818389999999965,0,green
2020-05-09,4.842780000000005,0,green
2020-05-10,4.8681100000000015,0,green
2020-05-11,4.8938400000000115,0,green
2020-05-12,4.919410000000028,0,green
2020-05-13,4.944299999999998,0,green
2020-05-14,4.967949999999973,0,green
2020-05-15,4.989829999999984,0,green
2020-05-16,5.00936999999999,0,green
2020-05-17,5.026049999999998,0,green
2020-05-18,5.039319999999975,0,green
2020-05-19,5.048649999999952,0,green
2020-05-20,5.05346000000003,0,green
2020-05-21,5.053240000000017,0,green
2020-05-22,5.047439999999995,0,green
2020-05-23,5.035500000000013,0,green
2020-05-24,5.016889999999989,0,green
2020-05-25,4.9910600000000045,0,green
2020-05-26,4.957470000000001,0,green
2020-05-27,4.915579999999977,0,green
2020-05-28,4.864829999999984,0,green
2020-05-29,4.804700000000025,0,green
2020-05-30,4.734630000000038,0,green
2020-05-31,4.654080000000022,0,green
2020-06-01,4.559910000000002,0,green
2020-06-02,4.45228000000003,0,green
2020-06-03,4.33447000000001,0,green
2020-06-04,4.20702,0,green
2020-06-05,4.070449999999994,0,green
2020-06-06,3.925350000000037,0,green
2020-06-07,3.772230000000036,0,green
2020-06-08,3.611659999999972,0,green
2020-06-09,3.4441799999999603,0,green
2020-06-10,3.2703199999999697,0,green
2020-06-11,3.0906400000000076,0,green
2020-06-12,2.9056900000000496,0,green
2020-06-13,2.716000000000008,0,green
2020-06-14,2.522130000000004,0,green
2020-06-15,2.3246300000000133,0,green
2020-06-16,2.1240300000000047,0,green
2020-06-17,1.920880000000011,0,green
2020-06-18,1.715720000000033,0,green
2020-06-19,1.5091199999999958,0,green
2020-06-20,1.3016099999999824,0,green
2020-06-21,1.093720000000019,0,green
2020-06-22,0.8860300000000052,0,green
2020-06-23,0.6790600000000495,0,green
2020-06-24,0.47336000000001377,0,green
2020-06-25,0.2694799999999873,0,green
2020-06-26,0.06797000000000253,0,green
2020-06-27,-0.13062999999999647,0,green
2020-06-28,-0.3257700000000341,0,green
2020-06-29,-0.5169100000000526,0,green
2020-06-30,-0.7035099999999943,0,green
