date,p_green,p_yellow,p_orange,p_red,warning_level,rate_p50,rate_p95,actual_monthly_rate
2016-08-07,1.0,0.0,0.0,0.0,0,0.8891800000000103,1.204760500000009,0.10322999999999638
2016-08-08,1.0,0.0,0.0,0.0,0,0.8910149999999817,1.2084775000000008,0.10322999999999638
2016-08-09,1.0,0.0,0.0,0.0,0,0.897484999999989,1.2122524999999769,0.10322999999999638
2016-08-10,1.0,0.0,0.0,0.0,0,0.9035550000000114,1.2092180000000041,0.10322000000002163
2016-08-11,1.0,0.0,0.0,0.0,0,0.9094550000000083,1.2133485000000377,0.10321999999996478
2016-08-12,1.0,0.0,0.0,0.0,0,0.915144999999967,1.2176395000000242,0.10321999999996478
2016-08-13,1.0,0.0,0.0,0.0,0,0.9275899999999808,1.2218360000000246,0.10322000000002163
2016-08-14,1.0,0.0,0.0,0.0,0,0.9272799999999961,1.2218090000000075,0.10322000000002163
2016-08-15,1.0,0.0,0.0,0.0,0,0.9248249999999985,1.217129000000017,0.10322999999999638
2016-08-16,1.0,0.0,0.0,0.0,0,0.9238099999999747,1.2200950000000064,0.10322999999999638
2016-08-17,1.0,0.0,0.0,0.0,0,0.9338949999999784,1.2281469999999899,0.10322999999999638
2016-08-18,1.0,0.0,0.0,0.0,0,0.9314849999999808,1.2356790000000073,0.10322999999999638
2016-08-19,1.0,0.0,0.0,0.0,0,0.9230750000000114,1.2399059999999962,0.10322999999999638
2016-08-20,1.0,0.0,0.0,0.0,0,0.9218449999999905,1.2411060000000105,0.10322999999999638
2016-08-21,1.0,0.0,0.0,0.0,0,0.9262200000000007,1.2415595000000308,0.10322999999999638
2016-08-22,1.0,0.0,0.0,0.0,0,0.9269449999999608,1.2412065000000125,0.10322000000002163
2016-08-23,1.0,0.0,0.0,0.0,0,0.923769999999962,1.2400344999999928,0.10321999999996478
2016-08-24,1.0,0.0,0.0,0.0,0,0.9216199999999901,1.2378495000000214,0.10321999999996478
2016-08-25,1.0,0.0,0.0,0.0,0,0.9342949999999917,1.2347279999999983,0.10322000000002163
2016-08-26,1.0,0.0,0.0,0.0,0,0.9475649999999973,1.2304899999999803,0.10322000000002163
2016-08-27,1.0,0.0,0.0,0.0,0,0.9548949999999934,1.225107500000021,0.10322999999999638
2016-08-28,1.0,0.0,0.0,0.0,0,0.9595250000000135,1.2184335000000117,0.10322999999999638
2016-08-29,1.0,0.0,0.0,0.0,0,0.9542249999999797,1.2104969999999864,0.10322999999999638
2016-08-30,1.0,0.0,0.0,0.0,0,0.949735000000004,1.2011370000000168,0.10322999999999638
2016-08-31,1.0,0.0,0.0,0.0,0,0.950365000000005,1.1903579999999976,0.10322999999999638
2016-09-01,1.0,0.0,0.0,0.0,0,0.9435499999999877,1.1780879999999967,0.10322999999999638
2016-09-02,1.0,0.0,0.0,0.0,0,0.9280650000000037,1.1669819999999815,0.09520000000003392
2016-09-03,1.0,0.0,0.0,0.0,0,0.9129200000000139,1.1561564999999858,0.0716899999999896
2016-09-04,1.0,0.0,0.0,0.0,0,0.9001499999999965,1.1427154999999771,0.03350999999997839
2016-09-05,1.0,0.0,0.0,0.0,0,0.8841850000000306,1.1262045000000085,-0.01852000000002363
2016-09-06,1.0,0.0,0.0,0.0,0,0.8620750000000044,1.1060109999999839,-0.0835700000000088
2016-09-07,1.0,0.0,0.0,0.0,0,0.8362950000000069,1.0813809999999904,-0.16082999999997583
2016-09-08,1.0,0.0,0.0,0.0,0,0.8061349999999834,1.0519445000000018,-0.24947000000003072
2016-09-09,1.0,0.0,0.0,0.0,0,0.7714650000000063,1.0140394999999927,-0.3486700000000269
2016-09-10,1.0,0.0,0.0,0.0,0,0.73048,0.9709585000000117,-0.4576099999999883
2016-09-11,1.0,0.0,0.0,0.0,0,0.6870799999999804,0.9230295000000012,-0.5754699999999957
2016-09-12,1.0,0.0,0.0,0.0,0,0.6389500000000226,0.8706775000000021,-0.7014300000000162
2016-09-13,1.0,0.0,0.0,0.0,0,0.5864199999999755,0.815487500000026,-0.8346599999999853
2016-09-14,1.0,0.0,0.0,0.0,0,0.52962500000001,0.7612939999999753,-0.9743500000000154
2016-09-15,1.0,0.0,0.0,0.0,0,0.4678650000000175,0.7052844999999877,-1.119669999999985
2016-09-16,1.0,0.0,0.0,0.0,0,0.41092999999997915,0.6476675000000142,-1.2697900000000004
2016-09-17,1.0,0.0,0.0,0.0,0,0.3381050000000414,0.5922979999999739,-1.4238999999999464
2016-09-18,1.0,0.0,0.0,0.0,0,0.2625250000000392,0.5352960000000251,-1.5811799999999607
2016-09-19,1.0,0.0,0.0,0.0,0,0.18730499999998074,0.4737364999999897,-1.7407999999999788
2016-09-20,1.0,0.0,0.0,0.0,0,0.11063499999997362,0.4082850000000178,-1.9019400000000246
2016-09-21,1.0,0.0,0.0,0.0,0,0.018649999999979627,0.34179400000001864,-2.0637800000000084
2016-09-22,1.0,0.0,0.0,0.0,0,-0.07488000000000739,0.26940399999998305,-2.2255099999999857
2016-09-23,1.0,0.0,0.0,0.0,0,-0.16464499999997884,0.19232250000000872,-2.386289999999974
2016-09-24,1.0,0.0,0.0,0.0,0,-0.25386999999997784,0.11510800000000922,-2.5452999999999975
2016-09-25,1.0,0.0,0.0,0.0,0,-0.34324000000000865,0.03810799999999964,-2.7017299999999977
2016-09-26,1.0,0.0,0.0,0.0,0,-0.4285600000000045,-0.038399000000015455,-2.854759999999999
2016-09-27,1.0,0.0,0.0,0.0,0,-0.507300000000015,-0.11139600000001917,-3.003559999999993
2016-09-28,1.0,0.0,0.0,0.0,0,-0.5860299999999938,-0.17650149999999779,-3.1473000000000297
2016-09-29,1.0,0.0,0.0,0.0,0,-0.6698650000000157,-0.2401165000000106,-3.2851699999999937
2016-09-30,1.0,0.0,0.0,0.0,0,-0.7516549999999995,-0.3019130000000047,-3.416339999999991
2016-10-01,1.0,0.0,0.0,0.0,0,-0.8309800000000109,-0.3613834999999909,-3.5400000000000205
2016-10-02,1.0,0.0,0.0,0.0,0,-0.9073799999999892,-0.4176365000000289,-3.6550600000000486
2016-10-03,1.0,0.0,0.0,0.0,0,-0.980435,-0.4711964999999709,-3.761070000000018
2016-10-04,1.0,0.0,0.0,0.0,0,-1.0496699999999919,-0.5217160000000065,-3.8581499999999664
2016-10-05,1.0,0.0,0.0,0.0,0,-1.1146850000000086,-0.5689429999999818,-3.9464100000000144
2016-10-06,1.0,0.0,0.0,0.0,0,-1.1751849999999706,-0.612690000000015,-4.025979999999947
2016-10-07,1.0,0.0,0.0,0.0,0,-1.2309000000000196,-0.6521070000000294,-4.096969999999999
2016-10-08,1.0,0.0,0.0,0.0,0,-1.2816699999999912,-0.6876354999999934,-4.15949999999998
2016-10-09,1.0,0.0,0.0,0.0,0,-1.327574999999996,-0.7195889999999907,-4.213680000000011
2016-10-10,1.0,0.0,0.0,0.0,0,-1.3686050000000023,-0.748075000000003,-4.25963999999999
2016-10-11,1.0,0.0,0.0,0.0,0,-1.404939999999982,-0.7731035000000078,-4.297489999999982
2016-10-12,1.0,0.0,0.0,0.0,0,-1.436684999999983,-0.7948790000000289,-4.327349999999967
2016-10-13,1.0,0.0,0.0,0.0,0,-1.4639800000000207,-0.8134619999999844,-4.349340000000041
2016-10-14,1.0,0.0,0.0,0.0,0,-1.4868700000000104,-0.8289280000000249,-4.3635699999999815
2016-10-15,1.0,0.0,0.0,0.0,0,-1.5055700000000058,-0.8413994999999803,-4.3701599999999985
2016-10-16,1.0,0.0,0.0,0.0,0,-1.5202250000000106,-0.8510319999999952,-4.369239999999991
2016-10-17,1.0,0.0,0.0,0.0,0,-1.5309000000000026,-0.85786600000001,-4.3609200000000214
2016-10-18,1.0,0.0,0.0,0.0,0,-1.53771500000002,-0.861996999999994,-4.34531000000004
2016-10-19,1.0,0.0,0.0,0.0,0,-1.5408600000000092,-0.8635324999999854,-4.322540000000004
2016-10-20,1.0,0.0,0.0,0.0,0,-1.540410000000037,-0.8625935000000313,-4.292730000000006
2016-10-21,1.0,0.0,0.0,0.0,0,-1.5364950000000306,-0.8593190000000221,-4.255980000000022
2016-10-22,1.0,0.0,0.0,0.0,0,-1.5292750000000126,-0.8537655000000031,-4.212420000000009
2016-10-23,1.0,0.0,0.0,0.0,0,-1.5188650000000052,-0.8457390000000091,-4.1621600000000285
2016-10-24,1.0,0.0,0.0,0.0,0,-1.5053250000000276,-0.835397500000005,-4.105340000000012
2016-10-25,1.0,0.0,0.0,0.0,0,-1.4889050000000168,-0.823110499999993,-4.0420500000000175
2016-10-26,1.0,0.0,0.0,0.0,0,-1.4696399999999699,-0.8089790000000052,-3.972430000000003
2016-10-27,1.0,0.0,0.0,0.0,0,-1.4476749999999754,-0.793108000000018,-3.8965700000000254
2016-10-28,1.0,0.0,0.0,0.0,0,-1.423115000000024,-0.7756014999999793,-3.814619999999991
2016-10-29,1.0,0.0,0.0,0.0,0,-1.3961299999999994,-0.7566325000000007,-3.7266799999999876
2016-10-30,1.0,0.0,0.0,0.0,0,-1.366860000000031,-0.7362559999999889,-3.63288
2016-10-31,1.0,0.0,0.0,0.0,0,-1.3353449999999896,-0.7145840000000079,-3.5333099999999718
2016-11-01,1.0,0.0,0.0,0.0,0,-1.3017549999999858,-0.6917589999999764,-3.420359999999988
2016-11-02,1.0,0.0,0.0,0.0,0,-1.2660949999999787,-0.6677790000000017,-3.2924999999999613
2016-11-03,1.0,0.0,0.0,0.0,0,-1.2281800000000374,-0.6425784999999963,-3.1565000000000225
2016-11-04,1.0,0.0,0.0,0.0,0,-1.187864999999988,-0.6160205000000105,-3.0131899999999803
2016-11-05,1.0,0.0,0.0,0.0,0,-1.1449149999999975,-0.5880444999999697,-2.863400000000013
2016-11-06,1.0,0.0,0.0,0.0,0,-1.099174999999974,-0.5585704999999991,-2.7079700000000173
2016-11-07,1.0,0.0,0.0,0.0,0,-1.0504050000000404,-0.5275260000000033,-2.5477300000000014
2016-11-08,1.0,0.0,0.0,0.0,0,-0.9984749999999849,-0.4948495000000265,-2.3835099999999727
2016-11-09,1.0,0.0,0.0,0.0,0,-0.9439850000000263,-0.4608410000000277,-2.216149999999999
2016-11-10,1.0,0.0,0.0,0.0,0,-0.8876500000000362,-0.4259070000000066,-2.0464699999999993
2016-11-11,1.0,0.0,0.0,0.0,0,-0.8297349999999994,-0.3892564999999963,-1.87530000000001
2016-11-12,1.0,0.0,0.0,0.0,0,-0.7704899999999952,-0.3517250000000133,-1.703489999999988
2016-11-13,1.0,0.0,0.0,0.0,0,-0.710250000000002,-0.3136499999999814,-1.5318699999999978
2016-11-14,1.0,0.0,0.0,0.0,0,-0.6491800000000012,-0.27515400000001483,-1.3612700000000189
2016-11-15,1.0,0.0,0.0,0.0,0,-0.5875999999999806,-0.2363984999999815,-1.192510000000027
2016-11-16,1.0,0.0,0.0,0.0,0,-0.5257649999999785,-0.1975989999999911,-1.026440000000008
2016-11-17,1.0,0.0,0.0,0.0,0,-0.46126499999999737,-0.15885050000001685,-0.8638799999999947
2016-11-18,1.0,0.0,0.0,0.0,0,-0.3968749999999943,-0.12039399999999319,-0.705660000000023
2016-11-19,1.0,0.0,0.0,0.0,0,-0.3331049999999891,-0.08204399999999908,-0.5526299999999651
2016-11-20,1.0,0.0,0.0,0.0,0,-0.27016499999999155,-0.04391049999996996,-0.4056099999999958
2016-11-21,1.0,0.0,0.0,0.0,0,-0.20840499999999906,-0.004955499999982762,-0.26542999999998074
2016-11-22,1.0,0.0,0.0,0.0,0,-0.1481300000000374,0.03301850000000569,-0.13293999999999073
2016-11-23,1.0,0.0,0.0,0.0,0,-0.08957999999998378,0.06984900000001346,-0.008949999999998681
2016-11-24,1.0,0.0,0.0,0.0,0,-0.03301999999999339,0.10544249999997247,0.10569000000000983
2016-11-25,1.0,0.0,0.0,0.0,0,0.021234999999990123,0.13955700000002763,0.2101600000000019
2016-11-26,1.0,0.0,0.0,0.0,0,0.07288499999998521,0.17202400000000181,0.3036199999999951
2016-11-27,1.0,0.0,0.0,0.0,0,0.11831499999996709,0.2027414999999621,0.38524000000001024
2016-11-28,1.0,0.0,0.0,0.0,0,0.16831999999996583,0.23209899999999095,0.4541899999999828
2016-11-29,1.0,0.0,0.0,0.0,0,0.20658000000000243,0.25992050000001254,0.5096399999999903
2016-11-30,1.0,0.0,0.0,0.0,0,0.24292500000001382,0.28706899999999674,0.5507299999999873
2016-12-01,1.0,0.0,0.0,0.0,0,0.2781050000000107,0.314624499999988,0.5766700000000071
2016-12-02,1.0,0.0,0.0,0.0,0,0.30534000000000106,0.33905199999998387,0.5934899999999743
2016-12-03,1.0,0.0,0.0,0.0,0,0.32881500000002006,0.3660945000000282,0.6079099999999755
2016-12-04,1.0,0.0,0.0,0.0,0,0.3512750000000153,0.3903594999999995,0.6200499999999636
2016-12-05,1.0,0.0,0.0,0.0,0,0.36430500000000166,0.4097279999999813,0.6300499999999829
2016-12-06,1.0,0.0,0.0,0.0,0,0.37614499999997975,0.4256089999999943,0.6380299999999863
2016-12-07,1.0,0.0,0.0,0.0,0,0.3871949999999913,0.43843850000001505,0.6441199999999867
2016-12-08,1.0,0.0,0.0,0.0,0,0.39404000000001815,0.44862899999999967,0.6484399999999653
2016-12-09,1.0,0.0,0.0,0.0,0,0.39958999999998923,0.45726999999998835,0.6511400000000265
2016-12-10,1.0,0.0,0.0,0.0,0,0.4067749999999819,0.46507599999999627,0.652339999999981
2016-12-11,1.0,0.0,0.0,0.0,0,0.411280000000005,0.4720439999999968,0.6521499999999776
2016-12-12,1.0,0.0,0.0,0.0,0,0.4178149999999903,0.47817849999997575,0.6507199999999784
2016-12-13,1.0,0.0,0.0,0.0,0,0.42252999999999474,0.48353000000001883,0.6481700000000217
2016-12-14,1.0,0.0,0.0,0.0,0,0.42631500000001665,0.48823600000000056,0.6446400000000096
2016-12-15,1.0,0.0,0.0,0.0,0,0.43020500000000084,0.49212549999999167,0.6402499999999804
2016-12-16,1.0,0.0,0.0,0.0,0,0.4340400000000102,0.49525750000001945,0.6351299999999753
2016-12-17,1.0,0.0,0.0,0.0,0,0.4347850000000051,0.4976000000000027,0.6294000000000324
2016-12-18,1.0,0.0,0.0,0.0,0,0.43712500000000887,0.5003384999999895,0.6231900000000223
2016-12-19,1.0,0.0,0.0,0.0,0,0.4384849999999858,0.5023400000000009,0.6166599999999676
2016-12-20,1.0,0.0,0.0,0.0,0,0.4402799999999729,0.5015240000000404,0.6098899999999787
2016-12-21,1.0,0.0,0.0,0.0,0,0.44151500000000965,0.4997784999999908,0.6030400000000213
2016-12-22,1.0,0.0,0.0,0.0,0,0.44207500000001687,0.4988110000000091,0.5962300000000198
2016-12-23,1.0,0.0,0.0,0.0,0,0.442245000000014,0.49811150000000737,0.5895900000000154
2016-12-24,1.0,0.0,0.0,0.0,0,0.4423050000000046,0.49662799999998414,0.5832599999999672
2016-12-25,1.0,0.0,0.0,0.0,0,0.4411299999999869,0.4946509999999762,0.577350000000024
2016-12-26,1.0,0.0,0.0,0.0,0,0.4390099999999961,0.4917824999999908,0.571990000000028
2016-12-27,1.0,0.0,0.0,0.0,0,0.4358400000000131,0.4881030000000095,0.5673199999999952
2016-12-28,1.0,0.0,0.0,0.0,0,0.4319549999999879,0.4833915000000104,0.5634600000000205
2016-12-29,1.0,0.0,0.0,0.0,0,0.4272499999999866,0.47762199999996824,0.5605500000000347
2016-12-30,1.0,0.0,0.0,0.0,0,0.4210199999999986,0.47107449999999745,0.5587100000000191
2016-12-31,1.0,0.0,0.0,0.0,0,0.41304999999999836,0.46381299999999615,0.5580600000000118
2017-01-01,1.0,0.0,0.0,0.0,0,0.40528500000002055,0.4557904999999778,0.5580600000000118
2017-01-02,1.0,0.0,0.0,0.0,0,0.3972949999999855,0.4470130000000069,0.5580700000000434
2017-01-03,1.0,0.0,0.0,0.0,0,0.38851999999999975,0.43806700000002363,0.5580700000000434
2017-01-04,1.0,0.0,0.0,0.0,0,0.3766899999999964,0.4275849999999991,0.5580600000000118
2017-01-05,1.0,0.0,0.0,0.0,0,0.3634850000000256,0.415518000000003,0.5580600000000118
2017-01-06,1.0,0.0,0.0,0.0,0,0.3524749999999983,0.4043620000000146,0.5580600000000118
2017-01-07,1.0,0.0,0.0,0.0,0,0.34197500000001924,0.393172999999976,0.5580700000000434
2017-01-08,1.0,0.0,0.0,0.0,0,0.3298949999999934,0.3815130000000181,0.5580699999999865
2017-01-09,1.0,0.0,0.0,0.0,0,0.31727999999998246,0.369173499999988,0.5580600000000118
2017-01-10,1.0,0.0,0.0,0.0,0,0.30499000000000365,0.35629899999998993,0.5580600000000118
2017-01-11,1.0,0.0,0.0,0.0,0,0.2903949999999895,0.34313899999999076,0.5580600000000118
2017-01-12,1.0,0.0,0.0,0.0,0,0.2720199999999977,0.3297464999999874,0.5580699999999865
2017-01-13,1.0,0.0,0.0,0.0,0,0.25443999999998823,0.31642800000001037,0.5580699999999865
2017-01-14,1.0,0.0,0.0,0.0,0,0.23731999999995423,0.30328249999999446,0.5580600000000118
2017-01-15,1.0,0.0,0.0,0.0,0,0.22103500000000054,0.29336600000000307,0.5580600000000118
2017-01-16,1.0,0.0,0.0,0.0,0,0.20513000000002535,0.2843709999999645,0.5580699999999865
2017-01-17,1.0,0.0,0.0,0.0,0,0.19090499999998656,0.2759280000000131,0.5580699999999865
2017-01-18,1.0,0.0,0.0,0.0,0,0.17797500000000355,0.2681050000000226,0.5580600000000118
2017-01-19,1.0,0.0,0.0,0.0,0,0.16457000000002608,0.26105799999999413,0.5580600000000118
2017-01-20,1.0,0.0,0.0,0.0,0,0.15385499999999297,0.2549269999999921,0.5580599999999549
2017-01-21,1.0,0.0,0.0,0.0,0,0.1440499999999929,0.24974300000000646,0.5580699999999865
2017-01-22,1.0,0.0,0.0,0.0,0,0.13666499999996518,0.24572099999998037,0.5580699999999865
2017-01-23,1.0,0.0,0.0,0.0,0,0.1318200000000047,0.24301349999997787,0.5580600000000118
2017-01-24,1.0,0.0,0.0,0.0,0,0.12940499999999133,0.24164449999998672,0.5580599999999549
2017-01-25,1.0,0.0,0.0,0.0,0,0.12955999999996948,0.24182149999999458,0.5580600000000118
2017-01-26,1.0,0.0,0.0,0.0,0,0.13175999999998567,0.2436559999999928,0.5580699999999865
2017-01-27,1.0,0.0,0.0,0.0,0,0.13688500000000658,0.24723600000000934,0.5580699999999865
2017-01-28,1.0,0.0,0.0,0.0,0,0.14538000000001716,0.25271950000001187,0.5580599999999549
2017-01-29,1.0,0.0,0.0,0.0,0,0.1578800000000058,0.2602339999999997,0.5580600000000118
2017-01-30,1.0,0.0,0.0,0.0,0,0.1744600000000105,0.26990300000001627,0.5580699999999865
2017-01-31,1.0,0.0,0.0,0.0,0,0.1948849999999709,0.2818380000000302,0.5580699999999865
2017-02-01,1.0,0.0,0.0,0.0,0,0.2200149999999894,0.30037849999999067,0.5580599999999549
2017-02-02,1.0,0.0,0.0,0.0,0,0.25270000000000437,0.32434500000003075,0.5815000000000055
2017-02-03,1.0,0.0,0.0,0.0,0,0.28610999999997944,0.3526089999999981,0.6500199999999836
2017-02-04,1.0,0.0,0.0,0.0,0,0.3169849999999883,0.38701600000000264,0.7609400000000051
2017-02-05,1.0,0.0,0.0,0.0,0,0.35821999999998866,0.43012000000000794,0.9115899999999897
2017-02-06,1.0,0.0,0.0,0.0,0,0.4161499999999876,0.478417999999985,1.09926999999999
2017-02-07,1.0,0.0,0.0,0.0,0,0.48429000000001565,0.5582190000000338,1.3213200000000143
2017-02-08,1.0,0.0,0.0,0.0,0,0.5642100000000028,0.663245000000029,1.5750600000000077
2017-02-09,1.0,0.0,0.0,0.0,0,0.6615800000000149,0.781652000000011,1.8577999999999975
2017-02-10,1.0,0.0,0.0,0.0,0,0.7777499999999975,0.9223434999999852,2.166870000000017
2017-02-11,1.0,0.0,0.0,0.0,0,0.9110100000000045,1.0815950000000327,2.4995700000000056
2017-02-12,1.0,0.0,0.0,0.0,0,1.0647900000000163,1.261510000000038,2.8532500000000027
2017-02-13,1.0,0.0,0.0,0.0,0,1.228065000000015,1.4572135000000117,3.2252200000000357
2017-02-14,1.0,0.0,0.0,0.0,0,1.4044949999999687,1.667495999999994,3.612790000000018
2017-02-15,1.0,0.0,0.0,0.0,0,1.5863950000000102,1.8910305000000023,4.013280000000009
2017-02-16,1.0,0.0,0.0,0.0,0,1.782340000000005,2.1267704999999553,4.4240199999999845
2017-02-17,1.0,0.0,0.0,0.0,0,1.9885699999999815,2.3726945,4.842330000000004
2017-02-18,1.0,0.0,0.0,0.0,0,2.207684999999998,2.6273164999999863,5.2655300000000125
2017-02-19,1.0,0.0,0.0,0.0,0,2.4338049999999782,2.889189000000002,5.690940000000012
2017-02-20,1.0,0.0,0.0,0.0,0,2.665610000000015,3.1609944999999953,6.115859999999998
2017-02-21,1.0,0.0,0.0,0.0,0,2.901655000000005,3.439613500000004,6.537649999999985
2017-02-22,1.0,0.0,0.0,0.0,0,3.139509999999973,3.721281500000026,6.9535999999999945
2017-02-23,1.0,0.0,0.0,0.0,0,3.3782699999999863,4.004440000000014,7.361040000000003
2017-02-24,1.0,0.0,0.0,0.0,0,3.6164349999999956,4.287746000000024,7.757289999999955
2017-02-25,1.0,0.0,0.0,0.0,0,3.8462399999999946,4.569887499999979,8.139659999999992
2017-02-26,1.0,0.0,0.0,0.0,0,4.073024999999973,4.848650000000015,8.505490000000009
2017-02-27,1.0,0.0,0.0,0.0,0,4.295474999999982,5.122427500000001,8.852090000000032
2017-02-28,1.0,0.0,0.0,0.0,0,4.512225000000029,5.389458500000006,9.176779999999951
2017-03-01,1.0,0.0,0.0,0.0,0,4.73112500000002,5.648184499999962,9.47687000000002
2017-03-02,1.0,0.0,0.0,0.0,0,4.943124999999981,5.896879500000005,9.763660000000016
2017-03-03,1.0,0.0,0.0,0.0,0,5.145790000000005,6.134113999999999,10.05021000000005
2017-03-04,1.0,0.0,0.0,0.0,0,5.338359999999994,6.359188500000002,10.31311999999997
2017-03-05,1.0,0.0,0.0,0.0,0,5.520319999999998,6.571429000000017,10.530740000000037
2017-03-06,0.98,0.02,0.0,0.0,0,5.688949999999977,6.769920000000002,10.705780000000004
2017-03-07,0.98,0.02,0.0,0.0,0,5.839005000000014,6.953568500000011,10.840940000000046
2017-03-08,0.98,0.02,0.0,0.0,0,5.977015000000023,7.12748949999999,10.938910000000021
2017-03-09,0.96,0.04,0.0,0.0,0,6.114209999999986,7.2879409999999805,11.002389999999991
2017-03-10,0.92,0.08,0.0,0.0,0,6.234620000000007,7.42914700000002,11.034080000000017
2017-03-11,0.9,0.1,0.0,0.0,0,6.335205000000002,7.547236999999998,11.03667999999999
2017-03-12,0.9,0.1,0.0,0.0,0,6.415965,7.640898500000017,11.012879999999996
2017-03-13,0.88,0.12,0.0,0.0,0,6.474229999999977,7.7117009999999935,10.965390000000014
2017-03-14,0.88,0.12,0.0,0.0,0,6.5160049999999785,7.7612820000000164,10.896889999999985
2017-03-15,0.88,0.12,0.0,0.0,0,6.5425400000000025,7.791185000000027,10.81007999999997
2017-03-16,0.88,0.12,0.0,0.0,0,6.555019999999985,7.802988000000011,10.707679999999982
2017-03-17,0.88,0.12,0.0,0.0,0,6.554560000000009,7.796131500000013,10.592359999999985
2017-03-18,0.88,0.12,0.0,0.0,0,6.542330000000021,7.772418500000003,10.46683999999999
2017-03-19,0.88,0.12,0.0,0.0,0,6.520224999999982,7.735554999999999,10.333810000000028
2017-03-20,0.88,0.12,0.0,0.0,0,6.490115000000003,7.687128500000012,10.195960000000014
2017-03-21,0.9,0.1,0.0,0.0,0,6.451625000000007,7.628733000000002,10.055990000000008
2017-03-22,0.9,0.1,0.0,0.0,0,6.405975000000012,7.561986000000024,9.916609999999991
2017-03-23,0.9,0.1,0.0,0.0,0,6.354280000000017,7.488623500000003,9.780490000000043
2017-03-24,0.94,0.06,0.0,0.0,0,6.297819999999973,7.410177999999993,9.65037000000001
2017-03-25,0.96,0.04,0.0,0.0,0,6.236204999999984,7.32837399999998,9.528909999999996
2017-03-26,0.98,0.02,0.0,0.0,0,6.169790000000006,7.2448694999999645,9.418830000000014
2017-03-27,0.98,0.02,0.0,0.0,0,6.102509999999995,7.1612969999999985,9.322820000000036
2017-03-28,0.98,0.02,0.0,0.0,0,6.0356800000000135,7.079398500000008,9.243580000000009
2017-03-29,0.98,0.02,0.0,0.0,0,5.97054,7.000857500000007,9.183799999999962
2017-03-30,0.98,0.02,0.0,0.0,0,5.909230000000008,6.927365,9.146180000000015
2017-03-31,0.98,0.02,0.0,0.0,0,5.852879999999999,6.860636500000006,9.133429999999976
2017-04-01,0.98,0.02,0.0,0.0,0,5.801800000000014,6.80238800000001,9.134270000000015
2017-04-02,0.98,0.02,0.0,0.0,0,5.757129999999989,6.753929000000011,9.139009999999985
2017-04-03,1.0,0.0,0.0,0.0,0,5.719540000000023,6.715798500000011,9.150500000000022
2017-04-04,1.0,0.0,0.0,0.0,0,5.689410000000038,6.687959499999979,9.168079999999975
2017-04-05,1.0,0.0,0.0,0.0,0,5.666595000000001,6.670314000000024,9.191069999999968
2017-04-06,1.0,0.0,0.0,0.0,0,5.650499999999994,6.662826499999997,9.218759999999975
2017-04-07,1.0,0.0,0.0,0.0,0,5.640199999999993,6.66258199999998,9.250479999999982
2017-04-08,1.0,0.0,0.0,0.0,0,5.637934999999999,6.660301500000022,9.28555
2017-04-09,1.0,0.0,0.0,0.0,0,5.639550000000014,6.65612549999999,9.323279999999954
2017-04-10,1.0,0.0,0.0,0.0,0,5.644960000000026,6.655649500000001,9.362979999999993
2017-04-11,1.0,0.0,0.0,0.0,0,5.65397999999999,6.658569999999995,9.403959999999984
2017-04-12,1.0,0.0,0.0,0.0,0,5.657990000000012,6.664635500000003,9.445549999999969
2017-04-13,1.0,0.0,0.0,0.0,0,5.663745000000006,6.673555999999982,9.487070000000017
2017-04-14,0.98,0.02,0.0,0.0,0,5.672044999999997,6.685024999999965,9.52782000000002
2017-04-15,0.98,0.02,0.0,0.0,0,5.682774999999992,6.69877649999998,9.567110000000014
2017-04-16,0.98,0.02,0.0,0.0,0,5.688089999999988,6.714508499999985,9.604269999999985
2017-04-17,0.98,0.02,0.0,0.0,0,5.695065000000028,6.731911500000007,9.638610000000028
2017-04-18,0.98,0.02,0.0,0.0,0,5.704239999999999,6.750681500000013,9.669439999999952
2017-04-19,0.98,0.02,0.0,0.0,0,5.715480000000014,6.770543499999997,9.69608999999997
2017-04-20,0.98,0.02,0.0,0.0,0,5.72863000000001,6.791181999999983,9.71786000000003
2017-04-21,0.98,0.02,0.0,0.0,0,5.744959999999992,6.812326000000001,9.734070000000031
2017-04-22,0.98,0.02,0.0,0.0,0,5.770474999999976,6.834126499999991,9.744039999999984
2017-04-23,0.98,0.02,0.0,0.0,0,5.79699500000001,6.855799499999978,9.747070000000008
2017-04-24,0.98,0.02,0.0,0.0,0,5.824280000000016,6.877033500000033,9.742490000000032
2017-04-25,0.98,0.02,0.0,0.0,0,5.85557,6.897568000000026,9.72960999999998
2017-04-26,0.98,0.02,0.0,0.0,0,5.889434999999992,6.917083500000013,9.707740000000001
2017-04-27,0.98,0.02,0.0,0.0,0,5.921929999999975,6.935256500000014,9.676199999999994
2017-04-28,0.96,0.04,0.0,0.0,0,5.952719999999999,6.951789500000013,9.634310000000028
2017-04-29,0.96,0.04,0.0,0.0,0,5.980440000000016,6.966393499999978,9.581389999999999
2017-04-30,0.96,0.04,0.0,0.0,0,6.0041300000000035,6.978721499999992,9.516729999999995
2017-05-01,0.96,0.04,0.0,0.0,0,6.025794999999988,6.988508999999991,9.439669999999978
2017-05-02,0.96,0.04,0.0,0.0,0,6.045145000000019,6.995431000000008,9.349240000000009
2017-05-03,0.96,0.04,0.0,0.0,0,6.061835000000002,6.9991455,9.24563999999998
2017-05-04,0.96,0.04,0.0,0.0,0,6.084559999999982,6.999398000000007,9.129889999999989
2017-05-05,0.96,0.04,0.0,0.0,0,6.099734999999981,6.9958600000000075,9.003000000000043
2017-05-06,0.96,0.04,0.0,0.0,0,6.1106200000000115,6.9883824999999975,8.86599000000001
2017-05-07,0.98,0.02,0.0,0.0,0,6.1186600000000055,6.976798999999988,8.719889999999964
2017-05-08,0.98,0.02,0.0,0.0,0,6.123774999999995,6.9611234999999905,8.565709999999967
2017-05-09,0.98,0.02,0.0,0.0,0,6.119384999999994,6.9415185000000035,8.404470000000003
2017-05-10,0.98,0.02,0.0,0.0,0,6.126535000000018,6.918232000000006,8.237190000000055
2017-05-11,0.98,0.02,0.0,0.0,0,6.139775000000014,6.891668999999988,8.064900000000023
2017-05-12,0.98,0.02,0.0,0.0,0,6.1352799999999945,6.862152499999977,7.888610000000028
2017-05-13,0.98,0.02,0.0,0.0,0,6.138760000000019,6.830223000000027,7.709330000000023
2017-05-14,1.0,0.0,0.0,0.0,0,6.140299999999996,6.796656500000009,7.528099999999995
2017-05-15,1.0,0.0,0.0,0.0,0,6.1371200000000385,6.761263500000015,7.34593000000001
2017-05-16,1.0,0.0,0.0,0.0,0,6.113700000000023,6.725493499999987,7.163839999999993
2017-05-17,1.0,0.0,0.0,0.0,0,6.123334999999997,6.682751000000022,6.982849999999985
2017-05-18,1.0,0.0,0.0,0.0,0,6.138224999999977,6.6679139999999935,6.803970000000049
2017-05-19,1.0,0.0,0.0,0.0,0,6.1397400000000175,6.652796500000013,6.6282300000000305
2017-05-20,1.0,0.0,0.0,0.0,0,6.132869999999997,6.648312000000021,6.456649999999968
2017-05-21,1.0,0.0,0.0,0.0,0,6.133650000000017,6.649586999999985,6.290249999999958
2017-05-22,1.0,0.0,0.0,0.0,0,6.115860000000026,6.651306999999974,6.130040000000008
2017-05-23,1.0,0.0,0.0,0.0,0,6.10945000000001,6.640131499999984,5.97705000000002
2017-05-24,1.0,0.0,0.0,0.0,0,6.100769999999983,6.6476164999999865,5.832299999999975
2017-05-25,1.0,0.0,0.0,0.0,0,6.09523999999999,6.660987500000024,5.696800000000053
2017-05-26,1.0,0.0,0.0,0.0,0,6.098959999999977,6.668695999999969,5.571579999999983
2017-05-27,1.0,0.0,0.0,0.0,0,6.120909999999981,6.697970500000002,5.457650000000001
2017-05-28,1.0,0.0,0.0,0.0,0,6.1495049999999765,6.732429999999985,5.356040000000007
2017-05-29,1.0,0.0,0.0,0.0,0,6.154729999999972,6.767205500000028,5.267750000000035
2017-05-30,1.0,0.0,0.0,0.0,0,6.1632849999999735,6.792544999999981,5.193829999999991
2017-05-31,1.0,0.0,0.0,0.0,0,6.162614999999988,6.816211000000004,5.135280000000023
2017-06-01,1.0,0.0,0.0,0.0,0,6.177679999999981,6.841102500000019,5.090039999999988
2017-06-02,1.0,0.0,0.0,0.0,0,6.185420000000022,6.868541999999999,5.05419999999998
2017-06-03,1.0,0.0,0.0,0.0,0,6.196860000000015,6.911641000000006,5.026209999999992
2017-06-04,1.0,0.0,0.0,0.0,0,6.212050000000005,6.954841000000007,5.005560000000003
2017-06-05,1.0,0.0,0.0,0.0,0,6.246834999999976,6.99793400000002,4.991719999999987
2017-06-06,1.0,0.0,0.0,0.0,0,6.274329999999992,7.040511499999985,4.984170000000006
2017-06-07,1.0,0.0,0.0,0.0,0,6.295080000000013,7.085698999999999,4.982390000000009
2017-06-08,1.0,0.0,0.0,0.0,0,6.313590000000005,7.1315884999999835,4.985850000000028
2017-06-09,0.98,0.02,0.0,0.0,0,6.342574999999982,7.175503500000014,4.994039999999984
2017-06-10,0.98,0.02,0.0,0.0,0,6.366514999999993,7.218087499999967,5.006419999999991
2017-06-11,0.96,0.04,0.0,0.0,0,6.391970000000015,7.259986500000008,5.022469999999998
2017-06-12,0.96,0.04,0.0,0.0,0,6.42498999999998,7.2995045,5.041669999999954
2017-06-13,0.96,0.04,0.0,0.0,0,6.4528749999999775,7.337325499999985,5.063499999999976
2017-06-14,0.94,0.06,0.0,0.0,0,6.476529999999997,7.376664499999992,5.087440000000015
2017-06-15,0.94,0.06,0.0,0.0,0,6.499875000000003,7.413181000000006,5.112960000000044
2017-06-16,0.92,0.08,0.0,0.0,0,6.522705000000002,7.446867500000016,5.139530000000036
2017-06-17,0.9,0.1,0.0,0.0,0,6.544849999999968,7.472230999999996,5.166649999999947
2017-06-18,0.9,0.1,0.0,0.0,0,6.567110000000014,7.489810999999997,5.193769999999972
2017-06-19,0.9,0.1,0.0,0.0,0,6.5902349999999785,7.504706999999999,5.220379999999977
2017-06-20,0.9,0.1,0.0,0.0,0,6.6109500000000025,7.516903000000028,5.245960000000025
2017-06-21,0.9,0.1,0.0,0.0,0,6.626869999999997,7.526378500000002,5.269990000000007
2017-06-22,0.9,0.1,0.0,0.0,0,6.6407500000000255,7.533096500000019,5.291929999999979
2017-06-23,0.9,0.1,0.0,0.0,0,6.652420000000006,7.537018000000015,5.311270000000036
2017-06-24,0.9,0.1,0.0,0.0,0,6.661609999999996,7.539305000000016,5.327489999999955
2017-06-25,0.9,0.1,0.0,0.0,0,6.671635000000009,7.5388975000000045,5.340050000000019
2017-06-26,0.9,0.1,0.0,0.0,0,6.680745000000002,7.535579499999974,5.348439999999982
2017-06-27,0.9,0.1,0.0,0.0,0,6.686534999999992,7.529339499999989,5.352129999999988
2017-06-28,0.9,0.1,0.0,0.0,0,6.688815000000005,7.51959500000001,5.350619999999992
2017-06-29,0.9,0.1,0.0,0.0,0,6.687299999999993,7.501517000000029,5.343350000000044
2017-06-30,0.92,0.08,0.0,0.0,0,6.681784999999991,7.480382500000013,5.329810000000009
2017-07-01,0.92,0.08,0.0,0.0,0,6.671990000000022,7.456117000000009,5.309500000000014
2017-07-02,0.92,0.08,0.0,0.0,0,6.657584999999983,7.428675500000005,5.284760000000006
2017-07-03,0.94,0.06,0.0,0.0,0,6.638460000000009,7.398051000000024,5.258440000000007
2017-07-04,0.94,0.06,0.0,0.0,0,6.6145150000000115,7.364265499999962,5.23067999999995
2017-07-05,0.96,0.04,0.0,0.0,0,6.585900000000009,7.327510000000021,5.201689999999985
2017-07-06,0.96,0.04,0.0,0.0,0,6.552870000000013,7.287937000000007,5.1716200000000185
2017-07-07,0.98,0.02,0.0,0.0,0,6.5157399999999654,7.245811999999992,5.140640000000019
2017-07-08,0.98,0.02,0.0,0.0,0,6.476715000000013,7.201508999999976,5.108920000000012
2017-07-09,0.98,0.02,0.0,0.0,0,6.43724499999999,7.155284500000022,5.076619999999991
2017-07-10,0.98,0.02,0.0,0.0,0,6.39530000000002,7.107546999999988,5.0439400000000205
2017-07-11,1.0,0.0,0.0,0.0,0,6.351090000000028,7.058331999999962,5.011030000000005
2017-07-12,1.0,0.0,0.0,0.0,0,6.304845,7.009428999999974,4.978070000000002
2017-07-13,1.0,0.0,0.0,0.0,0,6.256744999999995,6.963754500000027,4.945220000000006
2017-07-14,1.0,0.0,0.0,0.0,0,6.207080000000019,6.925884500000009,4.9126399999999535
2017-07-15,1.0,0.0,0.0,0.0,0,6.155969999999996,6.887220000000008,4.880529999999965
2017-07-16,1.0,0.0,0.0,0.0,0,6.103740000000016,6.848260999999982,4.849049999999977
2017-07-17,1.0,0.0,0.0,0.0,0,6.050534999999996,6.808816499999983,4.818360000000041
2017-07-18,1.0,0.0,0.0,0.0,0,5.9965799999999945,6.768995000000004,4.7886400000000435
2017-07-19,1.0,0.0,0.0,0.0,0,5.942149999999998,6.728951,4.76006000000001
2017-07-20,1.0,0.0,0.0,0.0,0,5.887429999999995,6.688731500000006,4.732770000000016
2017-07-21,1.0,0.0,0.0,0.0,0,5.832570000000004,6.648608999999993,4.706969999999956
2017-07-22,1.0,0.0,0.0,0.0,0,5.771819999999991,6.608624499999996,4.682819999999992
2017-07-23,1.0,0.0,0.0,0.0,0,5.707969999999989,6.568962500000007,4.660489999999982
2017-07-24,1.0,0.0,0.0,0.0,0,5.6609650000000045,6.529776999999984,4.640140000000031
2017-07-25,1.0,0.0,0.0,0.0,0,5.6170399999999745,6.491206500000016,4.62194999999997
2017-07-26,1.0,0.0,0.0,0.0,0,5.565944999999999,6.453416000000012,4.606100000000026
2017-07-27,1.0,0.0,0.0,0.0,0,5.5156399999999906,6.416545000000007,4.592750000000024
2017-07-28,1.0,0.0,0.0,0.0,0,5.466915,6.380698999999987,4.582059999999956
2017-07-29,1.0,0.0,0.0,0.0,0,5.419970000000006,6.34605199999998,4.574219999999968
2017-07-30,1.0,0.0,0.0,0.0,0,5.375039999999984,6.31281450000001,4.5693899999999985
2017-07-31,1.0,0.0,0.0,0.0,0,5.332390000000004,6.281049000000001,4.567739999999958
2017-08-01,1.0,0.0,0.0,0.0,0,5.2926600000000406,6.250982499999995,4.567740000000015
2017-08-02,1.0,0.0,0.0,0.0,0,5.259479999999996,6.222736499999985,4.567740000000015
2017-08-03,1.0,0.0,0.0,0.0,0,5.228875000000016,6.196116000000023,4.567750000000046
2017-08-04,1.0,0.0,0.0,0.0,0,5.188625000000002,6.17057249999998,4.567740000000015
2017-08-05,1.0,0.0,0.0,0.0,0,5.16037,6.145578500000019,4.567740000000015
2017-08-06,1.0,0.0,0.0,0.0,0,5.13205499999998,6.120576500000001,4.567740000000015
2017-08-07,1.0,0.0,0.0,0.0,0,5.102895000000018,6.095385000000007,4.567739999999958
2017-08-08,1.0,0.0,0.0,0.0,0,5.076310000000035,6.069897999999998,4.5677499999999895
2017-08-09,1.0,0.0,0.0,0.0,0,5.0507849999999905,6.0444825000000035,4.567739999999958
2017-08-10,1.0,0.0,0.0,0.0,0,5.032854999999984,6.019395000000011,4.567739999999958
2017-08-11,1.0,0.0,0.0,0.0,0,5.025364999999994,5.994820999999973,4.567740000000015
2017-08-12,1.0,0.0,0.0,0.0,0,5.022190000000023,5.970801499999993,4.567740000000015
2017-08-13,1.0,0.0,0.0,0.0,0,5.023140000000012,5.9476019999999945,4.567750000000046
2017-08-14,1.0,0.0,0.0,0.0,0,5.005089999999967,5.925280000000009,4.567740000000015
2017-08-15,1.0,0.0,0.0,0.0,0,4.97894500000001,5.923946500000037,4.567740000000015
2017-08-16,1.0,0.0,0.0,0.0,0,4.960974999999991,5.9312389999999935,4.567739999999958
2017-08-17,1.0,0.0,0.0,0.0,0,4.968124999999986,5.941504499999987,4.567739999999958
2017-08-18,1.0,0.0,0.0,0.0,0,4.977815000000021,5.946698499999997,4.567740000000015
2017-08-19,1.0,0.0,0.0,0.0,0,4.984759999999994,5.929954500000002,4.5677499999999895
2017-08-20,1.0,0.0,0.0,0.0,0,4.990859999999998,5.915153500000016,4.567740000000015
2017-08-21,1.0,0.0,0.0,0.0,0,4.991014999999976,5.92177000000002,4.567740000000015
2017-08-22,1.0,0.0,0.0,0.0,0,4.994189999999975,5.934196000000014,4.567740000000015
2017-08-23,1.0,0.0,0.0,0.0,0,5.0011499999999955,5.949085999999994,4.567740000000015
2017-08-24,1.0,0.0,0.0,0.0,0,4.995355000000018,5.968691500000025,4.5677499999999895
2017-08-25,1.0,0.0,0.0,0.0,0,4.989474999999999,5.992981000000017,4.567740000000015
2017-08-26,1.0,0.0,0.0,0.0,0,4.987140000000039,6.019472000000004,4.567739999999958
2017-08-27,1.0,0.0,0.0,0.0,0,4.986699999999985,6.0480249999999955,4.567740000000015
2017-08-28,1.0,0.0,0.0,0.0,0,4.988124999999997,6.084475999999984,4.567740000000015
2017-08-29,1.0,0.0,0.0,0.0,0,5.009679999999975,6.137603499999986,4.5677499999999895
2017-08-30,1.0,0.0,0.0,0.0,0,5.033464999999978,6.190742499999995,4.567740000000015
2017-08-31,1.0,0.0,0.0,0.0,0,5.058639999999997,6.243620000000012,4.567740000000015
2017-09-01,1.0,0.0,0.0,0.0,0,5.084974999999986,6.295932000000018,4.567740000000015
2017-09-02,1.0,0.0,0.0,0.0,0,5.112650000000002,6.347262500000002,4.571149999999989
2017-09-03,1.0,0.0,0.0,0.0,0,5.142490000000009,6.397319499999997,4.5809300000000235
2017-09-04,1.0,0.0,0.0,0.0,0,5.173479999999984,6.445220499999987,4.59639999999996
2017-09-05,1.0,0.0,0.0,0.0,0,5.210489999999993,6.489128500000024,4.616899999999987
2017-09-06,1.0,0.0,0.0,0.0,0,5.2565600000000074,6.5257514999999895,4.641760000000033
2017-09-07,1.0,0.0,0.0,0.0,0,5.302249999999987,6.55022549999999,4.670310000000029
2017-09-08,1.0,0.0,0.0,0.0,0,5.348895000000027,6.5563329999999915,4.7018900000000485
2017-09-09,1.0,0.0,0.0,0.0,0,5.420494999999988,6.598139000000006,4.735810000000015
2017-09-10,1.0,0.0,0.0,0.0,0,5.48687000000001,6.641205500000012,4.771400000000028
2017-09-11,1.0,0.0,0.0,0.0,0,5.528819999999996,6.701394000000004,4.807999999999993
2017-09-12,1.0,0.0,0.0,0.0,0,5.640640000000019,6.728285999999988,4.844939999999951
2017-09-13,1.0,0.0,0.0,0.0,0,5.675354999999996,6.805308499999995,4.881559999999979
2017-09-14,1.0,0.0,0.0,0.0,0,5.743850000000009,6.919245499999977,4.917169999999999
2017-09-15,1.0,0.0,0.0,0.0,0,5.813095000000004,6.974308499999975,4.951100000000054
2017-09-16,0.98,0.02,0.0,0.0,0,5.854415000000017,7.172287000000009,4.9827000000000226
2017-09-17,0.94,0.06,0.0,0.0,0,5.852220000000017,7.3597004999999935,5.011279999999999
2017-09-18,0.92,0.08,0.0,0.0,0,5.888984999999991,7.521735500000028,5.036180000000002
2017-09-19,0.9,0.1,0.0,0.0,0,5.893665000000027,7.786464499999994,5.056739999999991
2017-09-20,0.88,0.12,0.0,0.0,0,5.9003399999999715,7.949899000000024,5.072259999999972
2017-09-21,0.86,0.14,0.0,0.0,0,5.900055000000009,8.070538499999994,5.0820999999999685
2017-09-22,0.84,0.16,0.0,0.0,0,5.9255150000000185,8.204311,5.0855699999999615
2017-09-23,0.8,0.2,0.0,0.0,0,5.932590000000005,8.405000499999993,5.082010000000025
2017-09-24,0.8,0.2,0.0,0.0,0,5.956005000000005,8.59425399999999,5.07075999999995
2017-09-25,0.74,0.26,0.0,0.0,0,5.957369999999997,8.814873999999971,5.051130000000001
2017-09-26,0.74,0.26,0.0,0.0,0,5.946679999999986,9.036832999999998,5.022449999999992
2017-09-27,0.74,0.26,0.0,0.0,0,5.937510000000003,9.235554000000006,4.9840599999999995
2017-09-28,0.74,0.26,0.0,0.0,0,5.91886999999997,9.407888499999988,4.935290000000009
2017-09-29,0.74,0.26,0.0,0.0,0,5.889494999999982,9.551002499999994,4.875479999999982
2017-09-30,0.72,0.28,0.0,0.0,0,5.848925000000008,9.661852999999997,4.803940000000011
2017-10-01,0.72,0.28,0.0,0.0,0,5.796715000000006,9.737454500000013,4.71999999999997
2017-10-02,0.72,0.28,0.0,0.0,0,5.732380000000006,9.774799000000007,4.624680000000012
2017-10-03,0.74,0.26,0.0,0.0,0,5.655655000000024,9.771767000000008,4.519999999999982
2017-10-04,0.76,0.24,0.0,0.0,0,5.566609999999997,9.727381499999998,4.406780000000026
2017-10-05,0.76,0.24,0.0,0.0,0,5.465580000000017,9.642193500000024,4.285829999999976
2017-10-06,0.76,0.24,0.0,0.0,0,5.353160000000003,9.517536499999988,4.157999999999959
2017-10-07,0.78,0.22,0.0,0.0,0,5.230040000000031,9.355701000000025,4.024099999999976
2017-10-08,0.8,0.2,0.0,0.0,0,5.0968850000000145,9.159344999999984,3.884959999999978
2017-10-09,0.8200000000000001,0.18,0.0,0.0,0,4.954199999999986,8.931480999999996,3.7414099999999735
2017-10-10,0.86,0.14,0.0,0.0,0,4.802765000000022,8.675168000000001,3.594290000000001
2017-10-11,0.9,0.1,0.0,0.0,0,4.643710000000027,8.393213500000016,3.4443999999999733
2017-10-12,0.92,0.08,0.0,0.0,0,4.478189999999984,8.088457999999966,3.2925900000000183
2017-10-13,0.94,0.06,0.0,0.0,0,4.307270000000017,7.76383750000001,3.1396799999999985
2017-10-14,0.94,0.06,0.0,0.0,0,4.119669999999985,7.422125999999988,2.986479999999972
2017-10-15,0.94,0.06,0.0,0.0,0,3.9232850000000212,7.06633900000001,2.833849999999984
2017-10-16,0.98,0.02,0.0,0.0,0,3.7260200000000054,6.6992749999999885,2.682579999999973
2017-10-17,0.98,0.02,0.0,0.0,0,3.5291449999999998,6.323793499999982,2.53352000000001
2017-10-18,0.98,0.02,0.0,0.0,0,3.335765000000009,5.954273000000034,2.387490000000014
2017-10-19,1.0,0.0,0.0,0.0,0,3.1505850000000066,5.589635999999979,2.2453199999999924
2017-10-20,1.0,0.0,0.0,0.0,0,2.968909999999994,5.2236869999999955,2.1078500000000417
2017-10-21,1.0,0.0,0.0,0.0,0,2.791709999999995,4.8591375000000285,1.975870000000043
2017-10-22,1.0,0.0,0.0,0.0,0,2.615314999999981,4.498669500000012,1.8502399999999852
2017-10-23,1.0,0.0,0.0,0.0,0,2.4442400000000077,4.15291150000002,1.7317699999999832
2017-10-24,1.0,0.0,0.0,0.0,0,2.2954500000000166,3.8189824999999544,1.6212900000000445
2017-10-25,1.0,0.0,0.0,0.0,0,2.1242499999999893,3.496196000000019,1.5196300000000065
2017-10-26,1.0,0.0,0.0,0.0,0,1.974774999999994,3.1870170000000106,1.4276199999999903
2017-10-27,1.0,0.0,0.0,0.0,0,1.8445800000000077,2.8939344999999883,1.3460900000000038
2017-10-28,1.0,0.0,0.0,0.0,0,1.7513000000000147,2.6194160000000175,1.2758399999999597
2017-10-29,1.0,0.0,0.0,0.0,0,1.6651099999999985,2.3658614999999936,1.2177300000000173
2017-10-30,1.0,0.0,0.0,0.0,0,1.5611149999999725,2.1358834999999967,1.1725599999999758
2017-10-31,1.0,0.0,0.0,0.0,0,1.4633749999999566,1.931824499999996,1.1411800000000198
2017-11-01,1.0,0.0,0.0,0.0,0,1.370209999999986,1.757152999999974,1.1193199999999592
2017-11-02,1.0,0.0,0.0,0.0,0,1.30431999999999,1.617379999999983,1.1012799999999743
2017-11-03,1.0,0.0,0.0,0.0,0,1.2303950000000157,1.5035190000000114,1.0860799999999813
2017-11-04,1.0,0.0,0.0,0.0,0,1.1592799999999954,1.404087999999993,1.0735900000000242
2017-11-05,1.0,0.0,0.0,0.0,0,1.089065000000005,1.3170894999999887,1.0636200000000144
2017-11-06,1.0,0.0,0.0,0.0,0,1.0427299999999775,1.2520415000000014,1.0560300000000211
2017-11-07,1.0,0.0,0.0,0.0,0,1.0115849999999966,1.2068955000000159,1.050670000000025
2017-11-08,1.0,0.0,0.0,0.0,0,0.9654050000000041,1.181576999999993,1.0473700000000008
2017-11-09,1.0,0.0,0.0,0.0,0,0.9162450000000035,1.1553054999999885,1.0459699999999543
2017-11-10,1.0,0.0,0.0,0.0,0,0.8935700000000111,1.1286850000000044,1.0463300000000118
2017-11-11,1.0,0.0,0.0,0.0,0,0.8674599999999941,1.1066795000000098,1.0482700000000023
2017-11-12,1.0,0.0,0.0,0.0,0,0.8434550000000058,1.089627499999983,1.051649999999995
2017-11-13,1.0,0.0,0.0,0.0,0,0.8248849999999948,1.0773000000000221,1.0563099999999963
2017-11-14,1.0,0.0,0.0,0.0,0,0.8157550000000242,1.069311499999992,1.0620799999999804
2017-11-15,1.0,0.0,0.0,0.0,0,0.8108000000000004,1.065447499999979,1.0688299999999913
2017-11-16,1.0,0.0,0.0,0.0,0,0.8094799999999793,1.0652865000000018,1.076379999999972
2017-11-17,1.0,0.0,0.0,0.0,0,0.8114799999999889,1.068583499999974,1.0845899999999915
2017-11-18,1.0,0.0,0.0,0.0,0,0.8165050000000065,1.0750180000000227,1.0932800000000498
2017-11-19,1.0,0.0,0.0,0.0,0,0.8243200000000002,1.0842994999999944,1.102299999999957
2017-11-20,1.0,0.0,0.0,0.0,0,0.8345649999999694,1.096086500000004,1.111509999999953
2017-11-21,1.0,0.0,0.0,0.0,0,0.8476400000000126,1.1100769999999753,1.120740000000012
2017-11-22,1.0,0.0,0.0,0.0,0,0.8650200000000154,1.12594949999999,1.1298300000000268
2017-11-23,1.0,0.0,0.0,0.0,0,0.8850049999999499,1.1434340000000218,1.1386400000000094
2017-11-24,1.0,0.0,0.0,0.0,0,0.9074799999999925,1.1596320000000047,1.1469900000000166
2017-11-25,1.0,0.0,0.0,0.0,0,0.9292549999999835,1.1757649999999729,1.1547300000000291
2017-11-26,1.0,0.0,0.0,0.0,0,0.9517999999999631,1.192363499999979,1.161709999999971
2017-11-27,1.0,0.0,0.0,0.0,0,0.9749000000000194,1.2099310000000116,1.1677799999999934
2017-11-28,1.0,0.0,0.0,0.0,0,0.9955600000000118,1.228304500000027,1.1727500000000077
2017-11-29,1.0,0.0,0.0,0.0,0,1.0246199999999988,1.246056499999986,1.1765000000000327
2017-11-30,1.0,0.0,0.0,0.0,0,1.0520799999999895,1.2635860000000292,1.178859999999986
2017-12-01,1.0,0.0,0.0,0.0,0,1.0735449999999958,1.2855994999999807,1.1796600000000126
2017-12-02,1.0,0.0,0.0,0.0,0,1.086640000000017,1.3062895000000112,1.1793800000000374
2017-12-03,1.0,0.0,0.0,0.0,0,1.096825000000024,1.3266175000000031,1.1786200000000235
2017-12-04,1.0,0.0,0.0,0.0,0,1.106155000000001,1.3451209999999945,1.1773900000000026
2017-12-05,1.0,0.0,0.0,0.0,0,1.1183849999999893,1.361147500000001,1.17577
2017-12-06,1.0,0.0,0.0,0.0,0,1.133890000000008,1.3817214999999747,1.1737899999999968
2017-12-07,1.0,0.0,0.0,0.0,0,1.1476350000000082,1.399493500000011,1.171479999999974
2017-12-08,1.0,0.0,0.0,0.0,0,1.1633600000000115,1.4130349999999963,1.1689100000000394
2017-12-09,1.0,0.0,0.0,0.0,0,1.1771200000000022,1.4219100000000082,1.1661100000000033
2017-12-10,1.0,0.0,0.0,0.0,0,1.1894599999999969,1.4279049999999642,1.1631300000000238
2017-12-11,1.0,0.0,0.0,0.0,0,1.2038299999999822,1.4288574999999923,1.1600099999999998
2017-12-12,1.0,0.0,0.0,0.0,0,1.2091549999999813,1.4257714999999962,1.1567900000000009
2017-12-13,1.0,0.0,0.0,0.0,0,1.2121600000000115,1.4236364999999664,1.1535200000000145
2017-12-14,1.0,0.0,0.0,0.0,0,1.2107699999999966,1.4199989999999985,1.1502500000000282
2017-12-15,1.0,0.0,0.0,0.0,0,1.2085899999999867,1.415163000000021,1.147010000000023
2017-12-16,1.0,0.0,0.0,0.0,0,1.2056900000000041,1.4086735000000146,1.1438600000000179
2017-12-17,1.0,0.0,0.0,0.0,0,1.2101900000000114,1.400584000000012,1.1408199999999624
2017-12-18,1.0,0.0,0.0,0.0,0,1.2082749999999862,1.391046000000017,1.1379599999999641
2017-12-19,1.0,0.0,0.0,0.0,0,1.2062699999999609,1.3858365000000161,1.135310000000004
2017-12-20,1.0,0.0,0.0,0.0,0,1.197100000000006,1.3848200000000304,1.1329200000000128
2017-12-21,1.0,0.0,0.0,0.0,0,1.1946200000000147,1.3836279999999903,1.130830000000003
2017-12-22,1.0,0.0,0.0,0.0,0,1.1921749999999918,1.380822000000029,1.1290899999999624
2017-12-23,1.0,0.0,0.0,0.0,0,1.184500000000014,1.368040499999995,1.1277299999999855
2017-12-24,1.0,0.0,0.0,0.0,0,1.1806600000000174,1.3588185000000323,1.1268099999999777
2017-12-25,1.0,0.0,0.0,0.0,0,1.1726250000000107,1.3547379999999776,1.1263799999999833
2017-12-26,1.0,0.0,0.0,0.0,0,1.1631649999999922,1.3528895000000092,1.126450000000034
2017-12-27,1.0,0.0,0.0,0.0,0,1.1538250000000119,1.351017000000033,1.1271000000000413
2017-12-28,1.0,0.0,0.0,0.0,0,1.144695000000013,1.350532000000004,1.1283599999999865
2017-12-29,1.0,0.0,0.0,0.0,0,1.1395449999999983,1.3524420000000106,1.1302799999999706
2017-12-30,1.0,0.0,0.0,0.0,0,1.138389999999987,1.3544695000000104,1.1328899999999749
2017-12-31,1.0,0.0,0.0,0.0,0,1.1375500000000045,1.358134499999983,1.1362399999999866
2018-01-01,1.0,0.0,0.0,0.0,0,1.1335400000000107,1.3621839999999963,1.1406399999999621
2018-01-02,1.0,0.0,0.0,0.0,0,1.1285450000000026,1.3664829999999768,1.1484500000000253
2018-01-03,1.0,0.0,0.0,0.0,0,1.1286599999999964,1.371070999999975,1.161609999999996
2018-01-04,1.0,0.0,0.0,0.0,0,1.1278900000000078,1.3764660000000248,1.1798100000000318
2018-01-05,1.0,0.0,0.0,0.0,0,1.127664999999979,1.3822765000000004,1.202799999999968
2018-01-06,1.0,0.0,0.0,0.0,0,1.1291549999999972,1.3885310000000062,1.230290000000025
2018-01-07,1.0,0.0,0.0,0.0,0,1.1326600000000155,1.3955249999999721,1.2620000000000005
2018-01-08,1.0,0.0,0.0,0.0,0,1.1385099999999966,1.403448499999999,1.2976500000000328
2018-01-09,1.0,0.0,0.0,0.0,0,1.1475999999999829,1.4127694999999734,1.3369599999999764
2018-01-10,1.0,0.0,0.0,0.0,0,1.1631050000000016,1.4237315000000137,1.3796600000000012
2018-01-11,1.0,0.0,0.0,0.0,0,1.1815650000000062,1.4362515000000173,1.4254600000000437
2018-01-12,1.0,0.0,0.0,0.0,0,1.2027300000000025,1.4504404999999878,1.4741000000000213
2018-01-13,1.0,0.0,0.0,0.0,0,1.2229150000000288,1.4669335000000019,1.5252699999999777
2018-01-14,1.0,0.0,0.0,0.0,0,1.233304999999973,1.484922500000002,1.5787200000000325
2018-01-15,1.0,0.0,0.0,0.0,0,1.2483000000000004,1.5041529999999823,1.634149999999977
2018-01-16,1.0,0.0,0.0,0.0,0,1.271550000000019,1.5212450000000188,1.6913000000000125
2018-01-17,1.0,0.0,0.0,0.0,0,1.2981399999999894,1.5412855000000036,1.7498800000000188
2018-01-18,1.0,0.0,0.0,0.0,0,1.3224799999999846,1.5592345000000023,1.8096100000000206
2018-01-19,1.0,0.0,0.0,0.0,0,1.3578500000000133,1.5792775000000063,1.870209999999986
2018-01-20,1.0,0.0,0.0,0.0,0,1.3983450000000062,1.6010515000000027,1.931410000000028
2018-01-21,1.0,0.0,0.0,0.0,0,1.4271150000000148,1.6233355000000445,1.9929300000000012
2018-01-22,1.0,0.0,0.0,0.0,0,1.4560149999999794,1.6460055000000096,2.054489999999987
2018-01-23,1.0,0.0,0.0,0.0,0,1.4851700000000108,1.6690189999999603,2.1158000000000357
2018-01-24,1.0,0.0,0.0,0.0,0,1.514444999999995,1.6924844999999806,2.176590000000033
2018-01-25,1.0,0.0,0.0,0.0,0,1.5436400000000106,1.7164905000000032,2.2365899999999783
2018-01-26,1.0,0.0,0.0,0.0,0,1.5725700000000131,1.7405294999999825,2.295500000000004
2018-01-27,1.0,0.0,0.0,0.0,0,1.6036649999999781,1.7674290000000326,2.3530700000000024
2018-01-28,1.0,0.0,0.0,0.0,0,1.6380949999999928,1.8087694999999884,2.408990000000017
2018-01-29,1.0,0.0,0.0,0.0,0,1.6698149999999998,1.852065999999985,2.4629900000000475
2018-01-30,1.0,0.0,0.0,0.0,0,1.6981949999999983,1.8861659999999887,2.5148100000000113
2018-01-31,1.0,0.0,0.0,0.0,0,1.7255150000000015,1.9151474999999976,2.5641600000000153
2018-02-01,1.0,0.0,0.0,0.0,0,1.751525000000015,1.943123999999989,2.60863999999998
2018-02-02,1.0,0.0,0.0,0.0,0,1.7759949999999947,1.9698905000000024,2.6462700000000154
2018-02-03,1.0,0.0,0.0,0.0,0,1.7984799999999836,1.9978040000000021,2.677570000000003
2018-02-04,1.0,0.0,0.0,0.0,0,1.8181399999999996,2.0253865000000104,2.703010000000006
2018-02-05,1.0,0.0,0.0,0.0,0,1.8353200000000243,2.0501600000000195,2.7230799999999817
2018-02-06,1.0,0.0,0.0,0.0,0,1.8497000000000128,2.0716030000000387,2.738239999999962
2018-02-07,1.0,0.0,0.0,0.0,0,1.8609050000000025,2.089274499999985,2.748989999999992
2018-02-08,1.0,0.0,0.0,0.0,0,1.869229999999959,2.1026170000000035,2.755800000000022
2018-02-09,1.0,0.0,0.0,0.0,0,1.8746399999999994,2.111809500000032,2.759149999999977
2018-02-10,1.0,0.0,0.0,0.0,0,1.8758400000000108,2.1171630000000135,2.7595199999999522
2018-02-11,1.0,0.0,0.0,0.0,0,1.8743900000000053,2.1191619999999944,2.7573899999999867
2018-02-12,1.0,0.0,0.0,0.0,0,1.870740000000012,2.118251499999977,2.75324999999998
2018-02-13,1.0,0.0,0.0,0.0,0,1.8652350000000126,2.114874000000029,2.7475599999999645
2018-02-14,1.0,0.0,0.0,0.0,0,1.8583449999999857,2.109539499999997,2.740820000000042
2018-02-15,1.0,0.0,0.0,0.0,0,1.8504399999999919,2.104330500000006,2.7334900000000175
2018-02-16,1.0,0.0,0.0,0.0,0,1.8417599999999936,2.0982085000000126,2.726060000000018
2018-02-17,1.0,0.0,0.0,0.0,0,1.8314800000000275,2.0915559999999855,2.7190200000000004
2018-02-18,1.0,0.0,0.0,0.0,0,1.8214299999999923,2.084668999999988,2.7128400000000283
2018-02-19,1.0,0.0,0.0,0.0,0,1.8120300000000213,2.077971999999974,2.7079899999999952
2018-02-20,1.0,0.0,0.0,0.0,0,1.8037999999999954,2.071991500000004,2.7049499999999966
2018-02-21,1.0,0.0,0.0,0.0,0,1.7970750000000066,2.0670140000000146,2.704209999999989
2018-02-22,1.0,0.0,0.0,0.0,0,1.7923600000000022,2.0634745000000008,2.706259999999986
2018-02-23,1.0,0.0,0.0,0.0,0,1.790099999999967,2.0618634999999896,2.711559999999963
2018-02-24,1.0,0.0,0.0,0.0,0,1.7907150000000058,2.0624905000000067,2.7205900000000156
2018-02-25,1.0,0.0,0.0,0.0,0,1.7946799999999996,2.0658415000000074,2.7338499999999613
2018-02-26,1.0,0.0,0.0,0.0,0,1.8024399999999616,2.0723150000000174,2.751790000000028
2018-02-27,1.0,0.0,0.0,0.0,0,1.8143900000000315,2.0823064999999814,2.7749200000000087
2018-02-28,1.0,0.0,0.0,0.0,0,1.8310649999999953,2.0962329999999922,2.803699999999992
2018-03-01,1.0,0.0,0.0,0.0,0,1.8528400000000147,2.114560499999982,2.8386199999999917
2018-03-02,1.0,0.0,0.0,0.0,0,1.8801949999999863,2.137607000000017,2.878789999999981
2018-03-03,1.0,0.0,0.0,0.0,0,1.9135550000000023,2.1660480000000093,2.9231399999999894
2018-03-04,1.0,0.0,0.0,0.0,0,1.9519650000000013,2.1999120000000145,2.971589999999992
2018-03-05,1.0,0.0,0.0,0.0,0,1.9927000000000135,2.239405499999978,3.0237599999999816
2018-03-06,1.0,0.0,0.0,0.0,0,2.037540000000007,2.2846825000000335,3.079310000000021
2018-03-07,1.0,0.0,0.0,0.0,0,2.0896800000000155,2.338300000000004,3.1378899999999703
2018-03-08,1.0,0.0,0.0,0.0,0,2.1508500000000197,2.400900999999976,3.199170000000038
2018-03-09,1.0,0.0,0.0,0.0,0,2.2168900000000065,2.4694115000000036,3.2627899999999954
2018-03-10,1.0,0.0,0.0,0.0,0,2.290725000000009,2.543257999999997,3.328429999999969
2018-03-11,1.0,0.0,0.0,0.0,0,2.368009999999998,2.6213639999999683,3.39572000000004
2018-03-12,1.0,0.0,0.0,0.0,0,2.4485550000000273,2.69019999999999,3.4643400000000497
2018-03-13,1.0,0.0,0.0,0.0,0,2.5228250000000116,2.7638259999999972,3.533929999999998
2018-03-14,1.0,0.0,0.0,0.0,0,2.615774999999985,2.8404795000000207,3.604160000000036
2018-03-15,1.0,0.0,0.0,0.0,0,2.7230500000000006,2.920478000000023,3.674669999999992
2018-03-16,1.0,0.0,0.0,0.0,0,2.808339999999987,3.0078549999999895,3.7451299999999605
2018-03-17,1.0,0.0,0.0,0.0,0,2.907890000000009,3.103506499999983,3.8152000000000044
2018-03-18,1.0,0.0,0.0,0.0,0,2.9998199999999997,3.209882499999992,3.884529999999984
2018-03-19,1.0,0.0,0.0,0.0,0,3.10972000000001,3.305750499999971,3.952769999999987
2018-03-20,1.0,0.0,0.0,0.0,0,3.210595000000012,3.407886999999991,4.019589999999994
2018-03-21,1.0,0.0,0.0,0.0,0,3.317540000000008,3.511834500000043,4.084639999999979
2018-03-22,1.0,0.0,0.0,0.0,0,3.417304999999999,3.6156505000000094,4.1475900000000365
2018-03-23,1.0,0.0,0.0,0.0,0,3.5068649999999764,3.724121000000005,4.208079999999995
2018-03-24,1.0,0.0,0.0,0.0,0,3.601619999999997,3.8325519999999926,4.26576
2018-03-25,1.0,0.0,0.0,0.0,0,3.7026449999999897,3.9459975000000043,4.320310000000006
2018-03-26,1.0,0.0,0.0,0.0,0,3.7897550000000138,4.069069000000004,4.371379999999988
2018-03-27,1.0,0.0,0.0,0.0,0,3.8724249999999927,4.189265500000002,4.418610000000001
2018-03-28,1.0,0.0,0.0,0.0,0,3.955974999999995,4.306079000000011,4.461680000000001
2018-03-29,1.0,0.0,0.0,0.0,0,4.03855999999999,4.4189335000000165,4.500219999999956
2018-03-30,1.0,0.0,0.0,0.0,0,4.118614999999977,4.527859999999998,4.533919999999966
2018-03-31,1.0,0.0,0.0,0.0,0,4.1947549999999865,4.633536500000013,4.56241
2018-04-01,1.0,0.0,0.0,0.0,0,4.266485000000017,4.733488499999998,4.586720000000014
2018-04-02,1.0,0.0,0.0,0.0,0,4.333425000000034,4.823037499999992,4.608470000000011
2018-04-03,1.0,0.0,0.0,0.0,0,4.395289999999989,4.898750999999972,4.6281399999999735
2018-04-04,1.0,0.0,0.0,0.0,0,4.447850000000017,4.96799500000001,4.645840000000021
2018-04-05,1.0,0.0,0.0,0.0,0,4.496924999999976,5.030686999999977,4.661630000000002
2018-04-06,1.0,0.0,0.0,0.0,0,4.5430900000000065,5.086890499999987,4.675640000000044
2018-04-07,1.0,0.0,0.0,0.0,0,4.584184999999991,5.13679550000003,4.687950000000001
2018-04-08,1.0,0.0,0.0,0.0,0,4.620510000000024,5.180922000000003,4.6986499999999864
2018-04-09,1.0,0.0,0.0,0.0,0,4.652350000000013,5.219647,4.707840000000033
2018-04-10,1.0,0.0,0.0,0.0,0,4.680090000000007,5.253255000000013,4.715620000000001
2018-04-11,1.0,0.0,0.0,0.0,0,4.703814999999992,5.282012499999999,4.7220799999999485
2018-04-12,1.0,0.0,0.0,0.0,0,4.72384999999997,5.306234999999989,4.727309999999989
2018-04-13,1.0,0.0,0.0,0.0,0,4.74040500000001,5.326201500000016,4.731400000000008
2018-04-14,1.0,0.0,0.0,0.0,0,4.753665000000012,5.342171999999987,4.734470000000044
2018-04-15,1.0,0.0,0.0,0.0,0,4.763900000000035,5.354370000000025,4.736590000000035
2018-04-16,1.0,0.0,0.0,0.0,0,4.7713150000000155,5.36314099999999,4.737860000000012
2018-04-17,1.0,0.0,0.0,0.0,0,4.776130000000023,5.368653,4.7383800000000065
2018-04-18,1.0,0.0,0.0,0.0,0,4.778575000000018,5.371296000000006,4.738240000000019
2018-04-19,1.0,0.0,0.0,0.0,0,4.778870000000012,5.371269500000025,4.737540000000024
2018-04-20,1.0,0.0,0.0,0.0,0,4.777290000000022,5.368911999999991,4.736370000000022
2018-04-21,1.0,0.0,0.0,0.0,0,4.774025000000023,5.364397999999994,4.7348199999999565
2018-04-22,1.0,0.0,0.0,0.0,0,4.7683350000000075,5.358133000000034,4.733000000000004
2018-04-23,1.0,0.0,0.0,0.0,0,4.76112999999998,5.350235999999989,4.7309999999999945
2018-04-24,1.0,0.0,0.0,0.0,0,4.752904999999998,5.341084999999998,4.72890000000001
2018-04-25,1.0,0.0,0.0,0.0,0,4.7439600000000155,5.330966999999992,4.726800000000026
2018-04-26,1.0,0.0,0.0,0.0,0,4.732775000000004,5.320061000000015,4.724809999999991
2018-04-27,1.0,0.0,0.0,0.0,0,4.721219999999988,5.3087130000000196,4.723009999999988
2018-04-28,1.0,0.0,0.0,0.0,0,4.709585000000004,5.297177500000009,4.721510000000023
2018-04-29,1.0,0.0,0.0,0.0,0,4.698154999999986,5.28575100000001,4.720390000000009
2018-04-30,1.0,0.0,0.0,0.0,0,4.687049999999999,5.2746834999999885,4.719740000000002
2018-05-01,1.0,0.0,0.0,0.0,0,4.6766549999999825,5.264283500000005,4.719660000000033
2018-05-02,1.0,0.0,0.0,0.0,0,4.667155000000008,5.254762499999987,4.72417999999999
2018-05-03,1.0,0.0,0.0,0.0,0,4.659100000000024,5.246615500000021,4.736640000000023
2018-05-04,1.0,0.0,0.0,0.0,0,4.655235000000005,5.240474000000006,4.756149999999991
2018-05-05,1.0,0.0,0.0,0.0,0,4.653640000000024,5.236854999999991,4.781830000000014
2018-05-06,1.0,0.0,0.0,0.0,0,4.657970000000006,5.236436999999986,4.812790000000007
2018-05-07,1.0,0.0,0.0,0.0,0,4.666105000000016,5.239775499999965,4.848140000000001
2018-05-08,1.0,0.0,0.0,0.0,0,4.678664999999995,5.247377499999981,4.8870000000000005
2018-05-09,1.0,0.0,0.0,0.0,0,4.695985000000007,5.259648500000003,4.928470000000004
2018-05-10,1.0,0.0,0.0,0.0,0,4.716624999999993,5.276346000000018,4.9716699999999605
2018-05-11,1.0,0.0,0.0,0.0,0,4.73655500000001,5.296845500000011,5.015710000000013
2018-05-12,1.0,0.0,0.0,0.0,0,4.7590000000000146,5.3204239999999885,5.0597099999999955
2018-05-13,1.0,0.0,0.0,0.0,0,4.783509999999978,5.3470640000000085,5.102769999999964
2018-05-14,1.0,0.0,0.0,0.0,0,4.808515000000028,5.375631000000021,5.143999999999949
2018-05-15,1.0,0.0,0.0,0.0,0,4.8290700000000015,5.405399499999978,5.182529999999986
2018-05-16,1.0,0.0,0.0,0.0,0,4.853440000000006,5.4356414999999885,5.21745999999996
2018-05-17,1.0,0.0,0.0,0.0,0,4.878814999999975,5.465713500000009,5.24790999999999
2018-05-18,1.0,0.0,0.0,0.0,0,4.903249999999986,5.49488499999999,5.272980000000018
2018-05-19,1.0,0.0,0.0,0.0,0,4.926545000000004,5.522534999999965,5.29177999999996
2018-05-20,1.0,0.0,0.0,0.0,0,4.948745000000002,5.547872000000029,5.303439999999966
2018-05-21,1.0,0.0,0.0,0.0,0,4.968999999999994,5.5703445000000045,5.30707000000001
2018-05-22,1.0,0.0,0.0,0.0,0,4.989299999999986,5.589147999999983,5.301760000000002
2018-05-23,1.0,0.0,0.0,0.0,0,5.0006750000000295,5.603690500000013,5.286639999999977
2018-05-24,1.0,0.0,0.0,0.0,0,5.007680000000022,5.613960500000028,5.260829999999999
2018-05-25,1.0,0.0,0.0,0.0,0,5.009709999999984,5.618762999999992,5.223430000000008
2018-05-26,1.0,0.0,0.0,0.0,0,5.006154999999978,5.6182309999999775,5.173550000000034
2018-05-27,1.0,0.0,0.0,0.0,0,4.996475000000004,5.614127000000025,5.110299999999995
2018-05-28,1.0,0.0,0.0,0.0,0,4.980135000000018,5.602699000000024,5.032800000000009
2018-05-29,1.0,0.0,0.0,0.0,0,4.956415000000021,5.5832254999999975,4.940159999999992
2018-05-30,1.0,0.0,0.0,0.0,0,4.93578500000001,5.5574679999999885,4.8315000000000055
2018-05-31,1.0,0.0,0.0,0.0,0,4.9044500000000255,5.522458500000013,4.705919999999992
2018-06-01,1.0,0.0,0.0,0.0,0,4.856740000000002,5.476766499999999,4.558209999999974
2018-06-02,1.0,0.0,0.0,0.0,0,4.799284999999969,5.4195290000000025,4.393129999999985
2018-06-03,1.0,0.0,0.0,0.0,0,4.731474999999989,5.349887999999993,4.220660000000009
2018-06-04,1.0,0.0,0.0,0.0,0,4.643200000000007,5.267334000000031,4.041719999999998
2018-06-05,1.0,0.0,0.0,0.0,0,4.543364999999994,5.171847999999974,3.8571999999999775
2018-06-06,1.0,0.0,0.0,0.0,0,4.432750000000027,5.063794999999979,3.668009999999981
2018-06-07,1.0,0.0,0.0,0.0,0,4.319194999999979,4.94422100000001,3.475059999999985
2018-06-08,1.0,0.0,0.0,0.0,0,4.202555000000018,4.817725000000024,3.279239999999959
2018-06-09,1.0,0.0,0.0,0.0,0,4.079350000000005,4.68333999999999,3.081479999999999
2018-06-10,1.0,0.0,0.0,0.0,0,3.936994999999996,4.54304949999999,2.882660000000044
2018-06-11,1.0,0.0,0.0,0.0,0,3.792584999999974,4.397573999999997,2.683710000000019
2018-06-12,1.0,0.0,0.0,0.0,0,3.6415350000000046,4.251285000000047,2.4855300000000398
2018-06-13,1.0,0.0,0.0,0.0,0,3.49571499999999,4.10097349999999,2.289010000000019
2018-06-14,1.0,0.0,0.0,0.0,0,3.3548450000000116,3.9474629999999906,2.095070000000021
2018-06-15,1.0,0.0,0.0,0.0,0,3.19647999999998,3.7907340000000205,1.904609999999991
2018-06-16,1.0,0.0,0.0,0.0,0,3.0385249999999644,3.6259439999999956,1.7185400000000186
2018-06-17,1.0,0.0,0.0,0.0,0,2.8860050000000115,3.4609369999999844,1.5377699999999663
2018-06-18,1.0,0.0,0.0,0.0,0,2.736334999999997,3.295524000000023,1.3631900000000314
2018-06-19,1.0,0.0,0.0,0.0,0,2.583385000000021,3.1305069999999886,1.195730000000026
2018-06-20,1.0,0.0,0.0,0.0,0,2.432185000000004,2.9665749999999944,1.036260000000027
2018-06-21,1.0,0.0,0.0,0.0,0,2.276775000000015,2.804511000000002,0.8857199999999921
2018-06-22,1.0,0.0,0.0,0.0,0,2.1408899999999846,2.6450324999999992,0.7450000000000045
2018-06-23,1.0,0.0,0.0,0.0,0,2.001940000000019,2.4887880000000364,0.6150000000000091
2018-06-24,1.0,0.0,0.0,0.0,0,1.8658449999999789,2.3365710000000117,0.49664999999998827
2018-06-25,1.0,0.0,0.0,0.0,0,1.7447250000000167,2.1891315000000215,0.390829999999994
2018-06-26,1.0,0.0,0.0,0.0,0,1.638734999999997,2.047147499999991,0.2984700000000089
2018-06-27,1.0,0.0,0.0,0.0,0,1.521870000000007,1.9182035000000068,0.22044999999997117
2018-06-28,1.0,0.0,0.0,0.0,0,1.4042850000000442,1.7971409999999934,0.15768000000002758
2018-06-29,1.0,0.0,0.0,0.0,0,1.299239999999969,1.6828925000000168,0.11108999999999014
2018-06-30,1.0,0.0,0.0,0.0,0,1.2137450000000172,1.5761905000000183,0.08155999999996766
2018-07-01,1.0,0.0,0.0,0.0,0,1.1359300000000019,1.4777224999999987,0.07000000000005002
2018-07-02,1.0,0.0,0.0,0.0,0,1.0663650000000189,1.3928635000000213,0.06788000000000238
2018-07-03,1.0,0.0,0.0,0.0,0,1.0054899999999805,1.3186300000000188,0.06602999999995518
2018-07-04,1.0,0.0,0.0,0.0,0,0.9503600000000176,1.252819000000025,0.06442999999995891
2018-07-05,1.0,0.0,0.0,0.0,0,0.8994449999999858,1.1949205000000063,0.06308000000001357
2018-07-06,1.0,0.0,0.0,0.0,0,0.8574949999999717,1.1430999999999811,0.06195999999999913
2018-07-07,1.0,0.0,0.0,0.0,0,0.823174999999992,1.096347999999972,0.06105999999999767
2018-07-08,1.0,0.0,0.0,0.0,0,0.7948350000000062,1.0553199999999947,0.06037000000003445
2018-07-09,1.0,0.0,0.0,0.0,0,0.7705949999999859,1.0184920000000033,0.05985000000003993
2018-07-10,1.0,0.0,0.0,0.0,0,0.7494000000000085,0.9851344999999838,0.0595199999999636
2018-07-11,1.0,0.0,0.0,0.0,0,0.7285750000000064,0.9561140000000421,0.059340000000020154
2018-07-12,1.0,0.0,0.0,0.0,0,0.7101600000000019,0.9343469999999684,0.05930999999998221
2018-07-13,1.0,0.0,0.0,0.0,0,0.6945549999999798,0.9169639999999901,0.059419999999988704
2018-07-14,1.0,0.0,0.0,0.0,0,0.6906299999999987,0.9030349999999998,0.059629999999970096
2018-07-15,1.0,0.0,0.0,0.0,0,0.6835300000000188,0.8937160000000033,0.05996000000004642
2018-07-16,1.0,0.0,0.0,0.0,0,0.6726700000000108,0.8892360000000138,0.06036999999997761
2018-07-17,1.0,0.0,0.0,0.0,0,0.6690849999999955,0.8855150000000122,0.06085999999999103
2018-07-18,1.0,0.0,0.0,0.0,0,0.6747749999999826,0.8823634999999966,0.061419999999998254
2018-07-19,1.0,0.0,0.0,0.0,0,0.6839649999999722,0.8815725000000071,0.062009999999986576
2018-07-20,1.0,0.0,0.0,0.0,0,0.6877000000000066,0.8829275000000136,0.0626399999999876
2018-07-21,1.0,0.0,0.0,0.0,0,0.6971749999999872,0.8862450000000336,0.06328999999999496
2018-07-22,1.0,0.0,0.0,0.0,0,0.7058650000000171,0.8914224999999845,0.06395000000003392
2018-07-23,1.0,0.0,0.0,0.0,0,0.7155899999999917,0.8982690000000104,0.06459999999998445
2018-07-24,1.0,0.0,0.0,0.0,0,0.7259900000000243,0.9066535000000101,0.06522000000001071
2018-07-25,1.0,0.0,0.0,0.0,0,0.7344500000000096,0.916276499999995,0.06580000000002428
2018-07-26,1.0,0.0,0.0,0.0,0,0.7435799999999801,0.9271100000000302,0.06632999999999356
2018-07-27,1.0,0.0,0.0,0.0,0,0.7523199999999974,0.9389504999999843,0.06680000000000064
2018-07-28,1.0,0.0,0.0,0.0,0,0.7642099999999914,0.9516375000000238,0.06720000000001392
2018-07-29,1.0,0.0,0.0,0.0,0,0.7775500000000193,0.9649755000000084,0.0674900000000207
2018-07-30,1.0,0.0,0.0,0.0,0,0.7873800000000131,0.9787955000000067,0.06767000000002099
2018-07-31,1.0,0.0,0.0,0.0,0,0.79750999999996,0.9930200000000041,0.06773999999995794
2018-08-01,1.0,0.0,0.0,0.0,0,0.8076799999999764,1.0073985000000163,0.06774000000001479
2018-08-02,1.0,0.0,0.0,0.0,0,0.8179949999999963,1.0217749999999994,0.06774000000001479
2018-08-03,1.0,0.0,0.0,0.0,0,0.8298049999999932,1.0359505000000013,0.06774999999998954
2018-08-04,1.0,0.0,0.0,0.0,0,0.8410699999999736,1.0497435000000082,0.06773999999995794
2018-08-05,1.0,0.0,0.0,0.0,0,0.8519500000000164,1.0629984999999806,0.06774000000001479
2018-08-06,1.0,0.0,0.0,0.0,0,0.8622000000000014,1.0756354999999842,0.06774000000001479
2018-08-07,1.0,0.0,0.0,0.0,0,0.8713400000000036,1.0875414999999804,0.06774000000001479
2018-08-08,1.0,0.0,0.0,0.0,0,0.8798050000000046,1.0987115000000045,0.06774999999998954
2018-08-09,1.0,0.0,0.0,0.0,0,0.8877299999999764,1.1092019999999934,0.06774000000001479
2018-08-10,1.0,0.0,0.0,0.0,0,0.8950699999999756,1.1189459999999853,0.06773999999995794
2018-08-11,1.0,0.0,0.0,0.0,0,0.9018600000000276,1.1279764999999913,0.06774000000001479
2018-08-12,1.0,0.0,0.0,0.0,0,0.9080099999999902,1.1362244999999973,0.06774000000001479
2018-08-13,1.0,0.0,0.0,0.0,0,0.913614999999993,1.1437164999999907,0.06774999999998954
2018-08-14,1.0,0.0,0.0,0.0,0,0.9185750000000041,1.1503925000000066,0.06773999999995794
2018-08-15,1.0,0.0,0.0,0.0,0,0.9229599999999891,1.156638500000011,0.06774000000001479
2018-08-16,1.0,0.0,0.0,0.0,0,0.9266900000000078,1.1623199999999996,0.06774000000001479
2018-08-17,1.0,0.0,0.0,0.0,0,0.9298249999999939,1.1671284999999982,0.06773999999995794
2018-08-18,1.0,0.0,0.0,0.0,0,0.9322699999999884,1.1710445000000136,0.06774000000001479
2018-08-19,1.0,0.0,0.0,0.0,0,0.934094999999985,1.17403699999997,0.06774999999998954
2018-08-20,1.0,0.0,0.0,0.0,0,0.9352549999999837,1.1760564999999872,0.06774000000001479
2018-08-21,1.0,0.0,0.0,0.0,0,0.9357649999999751,1.1770754999999837,0.06774000000001479
2018-08-22,1.0,0.0,0.0,0.0,0,0.9355850000000316,1.177135999999996,0.06774000000001479
2018-08-23,1.0,0.0,0.0,0.0,0,0.934740000000005,1.1761199999999916,0.06773999999995794
2018-08-24,1.0,0.0,0.0,0.0,0,0.9332149999999899,1.1741020000000106,0.06774999999998954
2018-08-25,1.0,0.0,0.0,0.0,0,0.9309650000000147,1.1710295000000115,0.06774000000001479
2018-08-26,1.0,0.0,0.0,0.0,0,0.92804000000001,1.1668159999999972,0.06774000000001479
2018-08-27,1.0,0.0,0.0,0.0,0,0.9243800000000135,1.161492000000004,0.06773999999995794
2018-08-28,1.0,0.0,0.0,0.0,0,0.9199749999999653,1.1550990000000099,0.06774000000001479
2018-08-29,1.0,0.0,0.0,0.0,0,0.914874999999995,1.1474929999999914,0.06774999999998954
2018-08-30,1.0,0.0,0.0,0.0,0,0.9090199999999982,1.1387144999999805,0.06774000000001479
2018-08-31,1.0,0.0,0.0,0.0,0,0.9024400000000128,1.128775499999989,0.06773999999995794
2018-09-01,1.0,0.0,0.0,0.0,0,0.8950949999999978,1.1185934999999945,0.06774000000001479
2018-09-02,1.0,0.0,0.0,0.0,0,0.8869650000000036,1.1073905000000024,0.07928000000003976
2018-09-03,1.0,0.0,0.0,0.0,0,0.8783500000000117,1.09530349999998,0.11313000000001239
2018-09-04,1.0,0.0,0.0,0.0,0,0.8699599999999919,1.082897000000011,0.16807999999997492
2018-09-05,1.0,0.0,0.0,0.0,0,0.8613399999999842,1.071070000000006,0.2429700000000139
2018-09-06,1.0,0.0,0.0,0.0,0,0.8554599999999937,1.060846000000018,0.3365999999999758
2018-09-07,1.0,0.0,0.0,0.0,0,0.8539700000000039,1.05347849999998,0.44779999999997244
2018-09-08,1.0,0.0,0.0,0.0,0,0.8624900000000082,1.0501764999999976,0.5753899999999703
2018-09-09,1.0,0.0,0.0,0.0,0,0.8815299999999979,1.0521764999999987,0.7181699999999864
2018-09-10,1.0,0.0,0.0,0.0,0,0.906125000000003,1.0599005000000061,0.8749599999999873
2018-09-11,1.0,0.0,0.0,0.0,0,0.9435900000000288,1.0730400000000202,1.0445900000000279
2018-09-12,1.0,0.0,0.0,0.0,0,0.9867750000000228,1.1015995000000174,1.225870000000043
2018-09-13,1.0,0.0,0.0,0.0,0,1.036120000000011,1.1475795000000233,1.4176199999999994
2018-09-14,1.0,0.0,0.0,0.0,0,1.094805000000008,1.2034865000000166,1.6186500000000024
2018-09-15,1.0,0.0,0.0,0.0,0,1.1502999999999872,1.2583819999999861,1.8277800000000184
2018-09-16,1.0,0.0,0.0,0.0,0,1.2106500000000153,1.3218140000000063,2.0438200000000393
2018-09-17,1.0,0.0,0.0,0.0,0,1.2803949999999986,1.3960264999999765,2.2656000000000063
2018-09-18,1.0,0.0,0.0,0.0,0,1.3720249999999794,1.4843409999999948,2.4919199999999933
2018-09-19,1.0,0.0,0.0,0.0,0,1.4420849999999916,1.5771339999999896,2.7216300000000047
2018-09-20,1.0,0.0,0.0,0.0,0,1.5302499999999952,1.708162000000007,2.9535099999999943
2018-09-21,1.0,0.0,0.0,0.0,0,1.6303500000000213,1.818709500000014,3.186390000000017
2018-09-22,1.0,0.0,0.0,0.0,0,1.7311699999999632,1.9326124999999734,3.4190900000000397
2018-09-23,1.0,0.0,0.0,0.0,0,1.8302449999999908,2.049466999999993,3.650419999999997
2018-09-24,1.0,0.0,0.0,0.0,0,1.9303999999999917,2.1776955000000044,3.8792199999999752
2018-09-25,1.0,0.0,0.0,0.0,0,2.0350549999999714,2.311300000000017,4.104269999999985
2018-09-26,1.0,0.0,0.0,0.0,0,2.136414999999971,2.4467360000000067,4.32441
2018-09-27,1.0,0.0,0.0,0.0,0,2.232519999999994,2.5823270000000234,4.538459999999986
2018-09-28,1.0,0.0,0.0,0.0,0,2.3282900000000097,2.7190234999999827,4.7452200000000175
2018-09-29,1.0,0.0,0.0,0.0,0,2.4232000000000085,2.858943500000009,4.94353000000001
2018-09-30,1.0,0.0,0.0,0.0,0,2.516729999999967,2.996601000000012,5.132180000000005
2018-10-01,1.0,0.0,0.0,0.0,0,2.6085399999999765,3.129963499999968,5.310000000000002
2018-10-02,1.0,0.0,0.0,0.0,0,2.6983299999999986,3.2563585000000073,5.475649999999973
2018-10-03,1.0,0.0,0.0,0.0,0,2.78528,3.378428999999988,5.6286400000000185
2018-10-04,1.0,0.0,0.0,0.0,0,2.8689150000000154,3.495421499999972,5.769119999999987
2018-10-05,1.0,0.0,0.0,0.0,0,2.948730000000012,3.6067420000000223,5.897209999999973
2018-10-06,1.0,0.0,0.0,0.0,0,3.024310000000014,3.711764499999978,6.013030000000015
2018-10-07,1.0,0.0,0.0,0.0,0,3.095275000000015,3.809953999999979,6.1167200000000435
2018-10-08,1.0,0.0,0.0,0.0,0,3.161219999999986,3.900940000000014,6.20840000000004
2018-10-09,1.0,0.0,0.0,0.0,0,3.2203750000000184,3.984503000000015,6.288210000000049
2018-10-10,1.0,0.0,0.0,0.0,0,3.273485000000022,4.060611499999979,6.356269999999995
2018-10-11,1.0,0.0,0.0,0.0,0,3.325445000000002,4.12931300000003,6.412709999999947
2018-10-12,1.0,0.0,0.0,0.0,0,3.3719549999999856,4.190688999999961,6.457659999999976
2018-10-13,1.0,0.0,0.0,0.0,0,3.411330000000021,4.244774999999967,6.491250000000036
2018-10-14,1.0,0.0,0.0,0.0,0,3.4454999999999814,4.2916214999999625,6.513599999999997
2018-10-15,1.0,0.0,0.0,0.0,0,3.474429999999984,4.331325500000008,6.524850000000015
2018-10-16,1.0,0.0,0.0,0.0,0,3.498154999999997,4.363905999999994,6.52512999999999
2018-10-17,1.0,0.0,0.0,0.0,0,3.5167450000000144,4.3894179999999725,6.514549999999986
2018-10-18,1.0,0.0,0.0,0.0,0,3.5301699999999983,4.407977000000008,6.493269999999995
2018-10-19,1.0,0.0,0.0,0.0,0,3.538454999999999,4.419615000000007,6.461389999999994
2018-10-20,1.0,0.0,0.0,0.0,0,3.5416999999999916,4.4243855000000085,6.41904999999997
2018-10-21,1.0,0.0,0.0,0.0,0,3.5398950000000013,4.4224035000000015,6.366379999999992
2018-10-22,1.0,0.0,0.0,0.0,0,3.533089999999987,4.4136764999999825,6.30350999999996
2018-10-23,1.0,0.0,0.0,0.0,0,3.5198400000000163,4.398273500000002,6.230559999999969
2018-10-24,1.0,0.0,0.0,0.0,0,3.5010499999999922,4.37625399999998,6.147670000000005
2018-10-25,1.0,0.0,0.0,0.0,0,3.4774650000000236,4.3477555,6.054959999999994
2018-10-26,1.0,0.0,0.0,0.0,0,3.4490649999999903,4.312772499999985,5.952560000000005
2018-10-27,1.0,0.0,0.0,0.0,0,3.415959999999984,4.271559999999985,5.840599999999995
2018-10-28,1.0,0.0,0.0,0.0,0,3.3780999999999892,4.2239849999999795,5.7192099999999755
2018-10-29,1.0,0.0,0.0,0.0,0,3.3355899999999963,4.1700979999999905,5.588520000000017
2018-10-30,1.0,0.0,0.0,0.0,0,3.2884750000000054,4.109918999999971,5.448660000000018
2018-10-31,1.0,0.0,0.0,0.0,0,3.2368100000000197,4.043565500000002,5.299759999999992
2018-11-01,1.0,0.0,0.0,0.0,0,3.1806050000000425,3.971065499999983,5.130550000000028
2018-11-02,1.0,0.0,0.0,0.0,0,3.119695000000007,3.892124499999997,4.939619999999991
2018-11-03,1.0,0.0,0.0,0.0,0,3.053769999999986,3.806169000000034,4.737630000000024
2018-11-04,1.0,0.0,0.0,0.0,0,2.9822849999999903,3.712556999999967,4.525760000000048
2018-11-05,1.0,0.0,0.0,0.0,0,2.904465000000016,3.6106910000000227,4.305229999999995
2018-11-06,1.0,0.0,0.0,0.0,0,2.818240000000003,3.5004245000000167,4.077200000000005
2018-11-07,1.0,0.0,0.0,0.0,0,2.7256749999999954,3.3812550000000243,3.842870000000005
2018-11-08,1.0,0.0,0.0,0.0,0,2.626755000000003,3.252970499999981,3.6034099999999967
2018-11-09,1.0,0.0,0.0,0.0,0,2.5225949999999955,3.1171090000000246,3.36002000000002
2018-11-10,1.0,0.0,0.0,0.0,0,2.414490000000029,2.9757124999999918,3.11387000000002
2018-11-11,1.0,0.0,0.0,0.0,0,2.3030049999999846,2.82961300000002,2.8661599999999794
2018-11-12,1.0,0.0,0.0,0.0,0,2.1855999999999938,2.6794849999999797,2.6180799999999635
2018-11-13,1.0,0.0,0.0,0.0,0,2.0637800000000084,2.5261765000000223,2.370810000000006
2018-11-14,1.0,0.0,0.0,0.0,0,1.94016000000002,2.3704154999999845,2.1255199999999945
2018-11-15,1.0,0.0,0.0,0.0,0,1.818269999999984,2.2129574999999986,1.883420000000001
2018-11-16,1.0,0.0,0.0,0.0,0,1.6975950000000068,2.054623500000022,1.6456900000000019
2018-11-17,1.0,0.0,0.0,0.0,0,1.5769200000000296,1.896108499999991,1.413499999999999
2018-11-18,1.0,0.0,0.0,0.0,0,1.4515800000000354,1.7382280000000092,1.1880600000000072
2018-11-19,1.0,0.0,0.0,0.0,0,1.3278399999999806,1.5783165000000194,0.9705299999999966
2018-11-20,1.0,0.0,0.0,0.0,0,1.2152150000000006,1.4186250000000142,0.7621199999999817
2018-11-21,1.0,0.0,0.0,0.0,0,1.0956099999999651,1.262223,0.5640000000000214
2018-11-22,1.0,0.0,0.0,0.0,0,0.967250000000007,1.1143419999999906,0.3773700000000417
2018-11-23,1.0,0.0,0.0,0.0,0,0.85972000000001,0.9745214999999973,0.2033999999999878
2018-11-24,1.0,0.0,0.0,0.0,0,0.7569650000000081,0.8463434999999834,0.04329000000001315
2018-11-25,1.0,0.0,0.0,0.0,0,0.6574200000000019,0.7285309999999555,-0.10177999999996246
2018-11-26,1.0,0.0,0.0,0.0,0,0.5615899999999954,0.6294969999999921,-0.23063999999999396
2018-11-27,1.0,0.0,0.0,0.0,0,0.4750799999999913,0.5355259999999958,-0.34206999999997834
2018-11-28,1.0,0.0,0.0,0.0,0,0.39549500000001103,0.46174350000001707,-0.4349200000000337
2018-11-29,1.0,0.0,0.0,0.0,0,0.3083949999999902,0.39580599999999033,-0.507979999999975
2018-11-30,1.0,0.0,0.0,0.0,0,0.24528499999999553,0.33226899999999376,-0.5600699999999961
2018-12-01,1.0,0.0,0.0,0.0,0,0.1899500000000387,0.28836799999999413,-0.5900000000000318
2018-12-02,1.0,0.0,0.0,0.0,0,0.13646500000001538,0.24766550000002496,-0.6071900000000028
2018-12-03,1.0,0.0,0.0,0.0,0,0.09096499999998287,0.21645350000002564,-0.6219199999999887
2018-12-04,1.0,0.0,0.0,0.0,0,0.05462500000001569,0.19296200000000852,-0.634330000000034
2018-12-05,1.0,0.0,0.0,0.0,0,0.026870000000002392,0.1751559999999955,-0.6445400000000063
2018-12-06,1.0,0.0,0.0,0.0,0,0.006505000000004202,0.16245449999999834,-0.6526900000000069
2018-12-07,1.0,0.0,0.0,0.0,0,-0.0063049999999975626,0.15380150000001436,-0.6589100000000485
2018-12-08,1.0,0.0,0.0,0.0,0,-0.014669999999995298,0.14805950000001927,-0.6633400000000051
2018-12-09,1.0,0.0,0.0,0.0,0,-0.020775000000014643,0.14395499999999684,-0.666089999999997
2018-12-10,1.0,0.0,0.0,0.0,0,-0.025554999999997108,0.14079150000001447,-0.6673000000000116
2018-12-11,1.0,0.0,0.0,0.0,0,-0.029179999999996653,0.13855950000000516,-0.6671099999999797
2018-12-12,1.0,0.0,0.0,0.0,0,-0.031725000000022874,0.13716250000000513,-0.665649999999971
2018-12-13,1.0,0.0,0.0,0.0,0,-0.033369999999962374,0.1365150000000085,-0.66306000000003
2018-12-14,1.0,0.0,0.0,0.0,0,-0.03423999999998273,0.13654449999996526,-0.6594400000000178
2018-12-15,1.0,0.0,0.0,0.0,0,-0.03419500000001108,0.13718999999997833,-0.6549499999999853
2018-12-16,1.0,0.0,0.0,0.0,0,-0.03327499999997485,0.13833499999999502,-0.6497100000000273
2018-12-17,1.0,0.0,0.0,0.0,0,-0.03162000000003218,0.13995899999999606,-0.643859999999961
2018-12-18,1.0,0.0,0.0,0.0,0,-0.029279999999999973,0.14194950000001538,-0.6375299999999697
2018-12-19,1.0,0.0,0.0,0.0,0,-0.02643999999997959,0.14421349999999503,-0.6308300000000031
2018-12-20,1.0,0.0,0.0,0.0,0,-0.023374999999987267,0.1467399999999827,-0.6239199999999983
2018-12-21,1.0,0.0,0.0,0.0,0,-0.020119999999991478,0.1494005000000186,-0.6169300000000248
2018-12-22,1.0,0.0,0.0,0.0,0,-0.01666499999998905,0.15211999999998793,-0.6099700000000325
2018-12-23,1.0,0.0,0.0,0.0,0,-0.013159999999999172,0.1548600000000391,-0.6031899999999837
2018-12-24,1.0,0.0,0.0,0.0,0,-0.00959499999999025,0.15751549999998812,-0.5967099999999732
2018-12-25,1.0,0.0,0.0,0.0,0,-0.006100000000003547,0.15997399999996273,-0.5906700000000455
2018-12-26,1.0,0.0,0.0,0.0,0,-0.0028099999999824377,0.16225349999999705,-0.5851999999999862
2018-12-27,1.0,0.0,0.0,0.0,0,0.0002499999999940883,0.16423550000000658,-0.5804299999999785
2018-12-28,1.0,0.0,0.0,0.0,0,0.0029300000000205273,0.16579699999998068,-0.5764800000000037
2018-12-29,1.0,0.0,0.0,0.0,0,0.005210000000033688,0.16693950000000085,-0.5735000000000241
2018-12-30,1.0,0.0,0.0,0.0,0,0.007374999999996135,0.16745649999997167,-0.5716300000000274
2018-12-31,1.0,0.0,0.0,0.0,0,0.00915000000000532,0.16746599999999887,-0.5709699999999884
2019-01-01,1.0,0.0,0.0,0.0,0,0.010025000000013051,0.16673549999998724,-0.5709699999999884
2019-01-02,1.0,0.0,0.0,0.0,0,0.009520000000009077,0.16530649999999694,-0.5709699999999884
2019-01-03,1.0,0.0,0.0,0.0,0,0.008079999999978327,0.16305100000001005,-0.5709600000000137
2019-01-04,1.0,0.0,0.0,0.0,0,0.005720000000025038,0.16001299999999502,-0.5709699999999884
2019-01-05,1.0,0.0,0.0,0.0,0,0.002649999999988495,0.15623500000000376,-0.5709700000000453
2019-01-06,1.0,0.0,0.0,0.0,0,-0.0008400000000108321,0.15168799999998442,-0.5709699999999884
2019-01-07,1.0,0.0,0.0,0.0,0,-0.005015000000014425,0.14649649999998074,-0.5709600000000137
2019-01-08,1.0,0.0,0.0,0.0,0,-0.009749999999968395,0.1407870000000088,-0.5709700000000453
2019-01-09,1.0,0.0,0.0,0.0,0,-0.014820000000014488,0.13470399999999358,-0.5709699999999884
2019-01-10,1.0,0.0,0.0,0.0,0,-0.020140000000026248,0.12824500000002387,-0.5709699999999884
2019-01-11,1.0,0.0,0.0,0.0,0,-0.025409999999993715,0.12158249999999952,-0.5709699999999884
2019-01-12,1.0,0.0,0.0,0.0,0,-0.030694999999980155,0.11477099999999041,-0.5709600000000137
2019-01-13,1.0,0.0,0.0,0.0,0,-0.035979999999995016,0.10789500000002761,-0.5709699999999884
2019-01-14,1.0,0.0,0.0,0.0,0,-0.04125999999999408,0.10107399999999131,-0.5709700000000453
2019-01-15,1.0,0.0,0.0,0.0,0,-0.04641500000002452,0.09436999999998932,-0.5709699999999884
2019-01-16,1.0,0.0,0.0,0.0,0,-0.05134000000001038,0.08785249999998257,-0.5709600000000137
2019-01-17,1.0,0.0,0.0,0.0,0,-0.055970000000002074,0.08163000000000976,-0.5709700000000453
2019-01-18,1.0,0.0,0.0,0.0,0,-0.06023500000000581,0.07584600000002126,-0.5709699999999884
2019-01-19,1.0,0.0,0.0,0.0,0,-0.06412000000000262,0.0704849999999908,-0.5709699999999884
2019-01-20,1.0,0.0,0.0,0.0,0,-0.06744000000000483,0.06565749999998331,-0.5709599999999568
2019-01-21,1.0,0.0,0.0,0.0,0,-0.07019500000001244,0.06156149999999343,-0.5709699999999884
2019-01-22,1.0,0.0,0.0,0.0,0,-0.07226500000001579,0.058153499999991705,-0.5709699999999884
2019-01-23,1.0,0.0,0.0,0.0,0,-0.0736100000000306,0.055560999999983096,-0.5709700000000453
2019-01-24,1.0,0.0,0.0,0.0,0,-0.07409999999998718,0.053941000000040165,-0.5709699999999884
2019-01-25,1.0,0.0,0.0,0.0,0,-0.0737399999999866,0.05335399999999026,-0.5709600000000137
2019-01-26,1.0,0.0,0.0,0.0,0,-0.07223500000000627,0.05381450000000427,-0.5709700000000453
2019-01-27,1.0,0.0,0.0,0.0,0,-0.06963500000000522,0.05592650000002948,-0.5709699999999884
2019-01-28,1.0,0.0,0.0,0.0,0,-0.06855999999999085,0.060153499999978516,-0.5709699999999884
2019-01-29,1.0,0.0,0.0,0.0,0,-0.06622499999997444,0.06583450000001391,-0.5709599999999568
2019-01-30,1.0,0.0,0.0,0.0,0,-0.060089999999974,0.07310099999999692,-0.5709699999999884
2019-01-31,1.0,0.0,0.0,0.0,0,-0.05261499999997454,0.08196550000000398,-0.5709699999999884
2019-02-01,1.0,0.0,0.0,0.0,0,-0.04372999999998228,0.09256049999997341,-0.5709700000000453
2019-02-02,1.0,0.0,0.0,0.0,0,-0.033955000000020163,0.10497650000003769,-0.5650799999999663
2019-02-03,1.0,0.0,0.0,0.0,0,-0.02383499999999117,0.11937050000001359,-0.5478400000000079
2019-02-04,1.0,0.0,0.0,0.0,0,-0.013039999999989504,0.13608950000002545,-0.5199199999999564
2019-02-05,1.0,0.0,0.0,0.0,0,0.0030650000000207456,0.15567150000002805,-0.4819699999999898
2019-02-06,1.0,0.0,0.0,0.0,0,0.024030000000010432,0.1782499999999913,-0.4346400000000017
2019-02-07,1.0,0.0,0.0,0.0,0,0.048729999999977736,0.20320050000003384,-0.3785799999999995
2019-02-08,1.0,0.0,0.0,0.0,0,0.07563499999997703,0.23233499999998905,-0.3144699999999716
2019-02-09,1.0,0.0,0.0,0.0,0,0.10999000000001047,0.2698189999999897,-0.2429599999999823
2019-02-10,1.0,0.0,0.0,0.0,0,0.15032500000000937,0.313043999999968,-0.16469000000000733
2019-02-11,1.0,0.0,0.0,0.0,0,0.19624999999999204,0.36743350000002406,-0.08033000000000357
2019-02-12,1.0,0.0,0.0,0.0,0,0.24729499999997984,0.4270800000000065,0.009469999999964784
2019-02-13,1.0,0.0,0.0,0.0,0,0.3029749999999751,0.4877335000000016,0.10405000000002929
2019-02-14,1.0,0.0,0.0,0.0,0,0.36293000000000575,0.5523875000000316,0.2027500000000373
2019-02-15,1.0,0.0,0.0,0.0,0,0.4228700000000174,0.616466500000007,0.30491999999998143
2019-02-16,1.0,0.0,0.0,0.0,0,0.48313000000001693,0.6766534999999919,0.40991000000002487
2019-02-17,1.0,0.0,0.0,0.0,0,0.5513450000000262,0.7424449999999752,0.5170499999999834
2019-02-18,1.0,0.0,0.0,0.0,0,0.6239199999999983,0.8140169999999869,0.6256799999999885
2019-02-19,1.0,0.0,0.0,0.0,0,0.7011099999999715,0.8955669999999997,0.7351599999999507
2019-02-20,1.0,0.0,0.0,0.0,0,0.7824200000000019,0.9801099999999934,0.8448399999999765
2019-02-21,1.0,0.0,0.0,0.0,0,0.8653499999999781,1.0656375000000025,0.9540299999999888
2019-02-22,1.0,0.0,0.0,0.0,0,0.9469150000000184,1.1517120000000118,1.0621000000000436
2019-02-23,1.0,0.0,0.0,0.0,0,1.0205849999999828,1.2377789999999775,1.168389999999988
2019-02-24,1.0,0.0,0.0,0.0,0,1.1057150000000036,1.323422499999964,1.2722400000000107
2019-02-25,1.0,0.0,0.0,0.0,0,1.187960000000004,1.4081319999999975,1.3729999999999905
2019-02-26,1.0,0.0,0.0,0.0,0,1.2545200000000136,1.4914455000000117,1.4700000000000273
2019-02-27,1.0,0.0,0.0,0.0,0,1.3198850000000277,1.5728580000000192,1.5625900000000001
2019-02-28,1.0,0.0,0.0,0.0,0,1.3893449999999916,1.6525389999999731,1.6501199999999585
2019-03-01,1.0,0.0,0.0,0.0,0,1.4567849999999964,1.7315174999999867,1.7319400000000087
2019-03-02,1.0,0.0,0.0,0.0,0,1.5141350000000102,1.8071589999999986,1.8093299999999886
2019-03-03,1.0,0.0,0.0,0.0,0,1.5732950000000017,1.878932499999999,1.8842200000000275
2019-03-04,1.0,0.0,0.0,0.0,0,1.6306700000000092,1.9465900000000063,1.9509600000000091
2019-03-05,1.0,0.0,0.0,0.0,0,1.6853399999999965,2.00968850000001,2.004349999999988
2019-03-06,1.0,0.0,0.0,0.0,0,1.7356100000000083,2.068093500000015,2.0452999999999975
2019-03-07,1.0,0.0,0.0,0.0,0,1.7835449999999753,2.1213235000000052,2.074709999999982
2019-03-08,1.0,0.0,0.0,0.0,0,1.8301650000000222,2.1686580000000246,2.093490000000031
2019-03-09,1.0,0.0,0.0,0.0,0,1.8682699999999954,2.2096644999999966,2.102550000000008
2019-03-10,1.0,0.0,0.0,0.0,0,1.8986750000000256,2.2436960000000084,2.1027899999999704
2019-03-11,1.0,0.0,0.0,0.0,0,1.9217899999999872,2.2698565000000372,2.0951299999999833
2019-03-12,1.0,0.0,0.0,0.0,0,1.937624999999997,2.287986000000029,2.0804599999999596
2019-03-13,1.0,0.0,0.0,0.0,0,1.946645000000018,2.298704500000008,2.0597000000000207
2019-03-14,1.0,0.0,0.0,0.0,0,1.9501550000000236,2.302609500000037,2.0337600000000293
2019-03-15,1.0,0.0,0.0,0.0,0,1.9481250000000045,2.300325500000042,2.003530000000012
2019-03-16,1.0,0.0,0.0,0.0,0,1.9401700000000233,2.2924579999999737,1.9699299999999766
2019-03-17,1.0,0.0,0.0,0.0,0,1.9269950000000051,2.2796624999999975,1.9338600000000383
2019-03-18,1.0,0.0,0.0,0.0,0,1.9110149999999635,2.262570499999987,1.8962399999999775
2019-03-19,1.0,0.0,0.0,0.0,0,1.8917999999999893,2.241698000000045,1.8579600000000482
2019-03-20,1.0,0.0,0.0,0.0,0,1.8698699999999917,2.217741999999998,1.819940000000031
2019-03-21,1.0,0.0,0.0,0.0,0,1.8488900000000115,2.1912545000000163,1.7830700000000093
2019-03-22,1.0,0.0,0.0,0.0,0,1.8268549999999948,2.1629234999999993,1.7482700000000477
2019-03-23,1.0,0.0,0.0,0.0,0,1.8038449999999955,2.133325500000018,1.7164599999999837
2019-03-24,1.0,0.0,0.0,0.0,0,1.780869999999993,2.103061000000008,1.6885199999999827
2019-03-25,1.0,0.0,0.0,0.0,0,1.75941499999999,2.0727790000000055,1.665360000000021
2019-03-26,1.0,0.0,0.0,0.0,0,1.7354899999999986,2.043042500000021,1.6479099999999676
2019-03-27,1.0,0.0,0.0,0.0,0,1.7120050000000049,2.01451849999998,1.6370600000000195
2019-03-28,1.0,0.0,0.0,0.0,0,1.6902350000000297,1.9877714999999851,1.6337199999999825
2019-03-29,1.0,0.0,0.0,0.0,0,1.6707150000000013,1.963446499999992,1.6388000000000034
2019-03-30,1.0,0.0,0.0,0.0,0,1.65402499999999,1.9421390000000258,1.6532000000000266
2019-03-31,1.0,0.0,0.0,0.0,0,1.640704999999997,1.9244754999999885,1.6778299999999717
2019-04-01,1.0,0.0,0.0,0.0,0,1.6313399999999945,1.9110759999999658,1.7116399999999885
2019-04-02,1.0,0.0,0.0,0.0,0,1.6264299999999992,1.9024649999999894,1.7520599999999718
2019-04-03,1.0,0.0,0.0,0.0,0,1.6263500000000022,1.8991350000000096,1.7979100000000017
2019-04-04,1.0,0.0,0.0,0.0,0,1.6313900000000103,1.9013944999999892,1.8487700000000018
2019-04-05,1.0,0.0,0.0,0.0,0,1.640199999999993,1.9093224999999818,1.9041899999999714
2019-04-06,1.0,0.0,0.0,0.0,0,1.6530699999999854,1.9227034999999943,1.9637600000000361
2019-04-07,1.0,0.0,0.0,0.0,0,1.6703500000000133,1.9412464999999854,2.027029999999968
2019-04-08,1.0,0.0,0.0,0.0,0,1.7032500000000255,1.964189500000009,2.0935800000000313
2019-04-09,1.0,0.0,0.0,0.0,0,1.7313299999999856,1.9909740000000113,2.1629800000000046
2019-04-10,1.0,0.0,0.0,0.0,0,1.763540000000006,2.0193075000000134,2.234800000000007
2019-04-11,1.0,0.0,0.0,0.0,0,1.8012699999999882,2.0483050000000333,2.3086000000000126
2019-04-12,1.0,0.0,0.0,0.0,0,1.8415849999999807,2.07986249999999,2.383960000000002
2019-04-13,1.0,0.0,0.0,0.0,0,1.884015000000005,2.1138284999999883,2.4604499999999803
2019-04-14,1.0,0.0,0.0,0.0,0,1.9243450000000166,2.1499909999999884,2.5376400000000103
2019-04-15,1.0,0.0,0.0,0.0,0,1.964679999999987,2.188356499999995,2.6150900000000092
2019-04-16,1.0,0.0,0.0,0.0,0,2.0090450000000146,2.2282735000000313,2.692389999999989
2019-04-17,1.0,0.0,0.0,0.0,0,2.0597950000000083,2.268356999999983,2.769080000000031
2019-04-18,1.0,0.0,0.0,0.0,0,2.111070000000012,2.312871499999994,2.8447499999999764
2019-04-19,1.0,0.0,0.0,0.0,0,2.1585850000000164,2.3653495000000104,2.9189699999999448
2019-04-20,1.0,0.0,0.0,0.0,0,2.2071200000000033,2.4143004999999733,2.99132000000003
2019-04-21,1.0,0.0,0.0,0.0,0,2.2574699999999837,2.463387499999965,3.061339999999973
2019-04-22,1.0,0.0,0.0,0.0,0,2.304470000000009,2.5131349999999855,3.1286100000000374
2019-04-23,1.0,0.0,0.0,0.0,0,2.3485100000000045,2.5661854999999973,3.1927200000000084
2019-04-24,1.0,0.0,0.0,0.0,0,2.390989999999988,2.618339499999993,3.2532300000000305
2019-04-25,1.0,0.0,0.0,0.0,0,2.4370300000000213,2.6692219999999933,3.309690000000046
2019-04-26,1.0,0.0,0.0,0.0,0,2.4833899999999858,2.7185355000000015,3.36169000000001
2019-04-27,1.0,0.0,0.0,0.0,0,2.5312850000000253,2.7663275000000143,3.408799999999985
2019-04-28,1.0,0.0,0.0,0.0,0,2.5768600000000106,2.811921499999994,3.450580000000002
2019-04-29,1.0,0.0,0.0,0.0,0,2.6198249999999916,2.854968499999984,3.48660000000001
2019-04-30,1.0,0.0,0.0,0.0,0,2.6598599999999806,2.8951095000000238,3.5164399999999887
2019-05-01,1.0,0.0,0.0,0.0,0,2.6966700000000117,2.9321095000000126,3.539670000000001
2019-05-02,1.0,0.0,0.0,0.0,0,2.7299350000000118,2.965594499999989,3.557770000000005
2019-05-03,1.0,0.0,0.0,0.0,0,2.7593800000000215,2.99524949999998,3.5726699999999596
2019-05-04,1.0,0.0,0.0,0.0,0,2.784955000000025,3.0209845000000115,3.584540000000004
2019-05-05,1.0,0.0,0.0,0.0,0,2.8065400000000125,3.0426190000000104,3.593560000000025
2019-05-06,1.0,0.0,0.0,0.0,0,2.824344999999994,3.0603604999999647,3.5999099999999657
2019-05-07,1.0,0.0,0.0,0.0,0,2.8386600000000044,3.0743130000000063,3.6037900000000036
2019-05-08,1.0,0.0,0.0,0.0,0,2.8497150000000033,3.0848165000000334,3.605349999999987
2019-05-09,1.0,0.0,0.0,0.0,0,2.8580849999999884,3.0924390000000046,3.6048099999999863
2019-05-10,1.0,0.0,0.0,0.0,0,2.8640650000000107,3.0974639999999938,3.602329999999995
2019-05-11,1.0,0.0,0.0,0.0,0,2.8678800000000138,3.100160500000004,3.5980900000000133
2019-05-12,1.0,0.0,0.0,0.0,0,2.8697199999999725,3.1005899999999995,3.5922899999999913
2019-05-13,1.0,0.0,0.0,0.0,0,2.8695850000000007,3.099060999999992,3.5850900000000365
2019-05-14,1.0,0.0,0.0,0.0,0,2.867789999999985,3.0956275000000004,3.5766799999999535
2019-05-15,1.0,0.0,0.0,0.0,0,2.8644299999999703,3.090040499999978,3.5672500000000014
2019-05-16,1.0,0.0,0.0,0.0,0,2.859574999999978,3.0828620000000027,3.5569699999999784
2019-05-17,1.0,0.0,0.0,0.0,0,2.8532450000000154,3.0743815000000154,3.5460299999999734
2019-05-18,1.0,0.0,0.0,0.0,0,2.8458300000000065,3.0647069999999927,3.5346099999999865
2019-05-19,1.0,0.0,0.0,0.0,0,2.8375699999999995,3.054033999999984,3.5229000000000497
2019-05-20,1.0,0.0,0.0,0.0,0,2.828194999999994,3.0424825000000224,3.5110599999999863
2019-05-21,1.0,0.0,0.0,0.0,0,2.8166800000000194,3.030218000000005,3.4992899999999736
2019-05-22,1.0,0.0,0.0,0.0,0,2.804715000000016,3.0175244999999933,3.4877799999999866
2019-05-23,1.0,0.0,0.0,0.0,0,2.7924600000000055,3.0047515000000202,3.476690000000019
2019-05-24,1.0,0.0,0.0,0.0,0,2.780104999999992,2.99176699999999,3.4662099999999896
2019-05-25,1.0,0.0,0.0,0.0,0,2.767435000000006,2.9788110000000074,3.4565299999999866
2019-05-26,1.0,0.0,0.0,0.0,0,2.7540950000000066,2.965968000000012,3.4478300000000104
2019-05-27,1.0,0.0,0.0,0.0,0,2.7436099999999897,2.9540815000000094,3.4402800000000298
2019-05-28,1.0,0.0,0.0,0.0,0,2.7336099999999988,2.942628499999992,3.4340799999999945
2019-05-29,1.0,0.0,0.0,0.0,0,2.7242949999999837,2.9318484999999868,3.429399999999987
2019-05-30,1.0,0.0,0.0,0.0,0,2.7158100000000047,2.921914500000028,3.4264200000000073
2019-05-31,1.0,0.0,0.0,0.0,0,2.7082650000000115,2.913293500000043,3.425330000000031
2019-06-01,1.0,0.0,0.0,0.0,0,2.7034400000000005,2.908038000000002,3.4252800000000434
2019-06-02,1.0,0.0,0.0,0.0,0,2.701970000000017,2.9044355000000137,3.428100000000029
2019-06-03,1.0,0.0,0.0,0.0,0,2.6995100000000036,2.9022779999999755,3.436210000000017
2019-06-04,1.0,0.0,0.0,0.0,0,2.698580000000021,2.901887500000001,3.4490499999999997
2019-06-05,1.0,0.0,0.0,0.0,0,2.699374999999975,2.9013109999999984,3.466070000000002
2019-06-06,1.0,0.0,0.0,0.0,0,2.7000599999999793,2.902711499999967,3.48669000000001
2019-06-07,1.0,0.0,0.0,0.0,0,2.702465000000018,2.909776000000008,3.5103699999999662
2019-06-08,1.0,0.0,0.0,0.0,0,2.707170000000019,2.920105500000011,3.5365400000000022
2019-06-09,1.0,0.0,0.0,0.0,0,2.714214999999996,2.933485000000013,3.564639999999997
2019-06-10,1.0,0.0,0.0,0.0,0,2.7235399999999856,2.9492374999999895,3.594130000000007
2019-06-11,1.0,0.0,0.0,0.0,0,2.7376600000000053,2.9665159999999986,3.6244100000000117
2019-06-12,1.0,0.0,0.0,0.0,0,2.7550349999999924,2.9858235000000035,3.65495999999996
2019-06-13,1.0,0.0,0.0,0.0,0,2.773785000000032,3.0067224999999866,3.6852100000000405
2019-06-14,1.0,0.0,0.0,0.0,0,2.7935899999999947,3.0287999999999955,3.714589999999987
2019-06-15,1.0,0.0,0.0,0.0,0,2.8140599999999836,3.051639500000016,3.7425400000000195
2019-06-16,1.0,0.0,0.0,0.0,0,2.8347800000000234,3.074765000000022,3.7685200000000236
2019-06-17,1.0,0.0,0.0,0.0,0,2.8553249999999935,3.0978279999999954,3.7919499999999857
2019-06-18,1.0,0.0,0.0,0.0,0,2.873324999999994,3.1204194999999797,3.812279999999987
2019-06-19,1.0,0.0,0.0,0.0,0,2.890500000000003,3.1420004999999973,3.8289399999999887
2019-06-20,1.0,0.0,0.0,0.0,0,2.905830000000009,3.1622380000000048,3.8414000000000215
2019-06-21,1.0,0.0,0.0,0.0,0,2.919405000000012,3.180727500000026,3.8490600000000086
2019-06-22,1.0,0.0,0.0,0.0,0,2.931324999999987,3.1969979999999993,3.851379999999949
2019-06-23,1.0,0.0,0.0,0.0,0,2.941340000000025,3.2106214999999936,3.8478099999999813
2019-06-24,1.0,0.0,0.0,0.0,0,2.9489599999999996,3.2212189999999934,3.8377699999999777
2019-06-25,1.0,0.0,0.0,0.0,0,2.953959999999995,3.228392000000002,3.8207199999999943
2019-06-26,1.0,0.0,0.0,0.0,0,2.956025000000011,3.2315890000000023,3.7960899999999924
2019-06-27,1.0,0.0,0.0,0.0,0,2.954745000000031,3.230586499999984,3.76330999999999
2019-06-28,1.0,0.0,0.0,0.0,0,2.949770000000001,3.224799500000009,3.7218500000000176
2019-06-29,1.0,0.0,0.0,0.0,0,2.9408699999999897,3.21396400000001,3.671130000000005
2019-06-30,1.0,0.0,0.0,0.0,0,2.927634999999981,3.197493999999972,3.6105799999999704
2019-07-01,1.0,0.0,0.0,0.0,0,2.9097349999999835,3.1750650000000062,3.539670000000001
2019-07-02,1.0,0.0,0.0,0.0,0,2.886825000000016,3.146245999999999,3.4605599999999868
2019-07-03,1.0,0.0,0.0,0.0,0,2.8568500000000085,3.11073649999999,3.376199999999983
2019-07-04,1.0,0.0,0.0,0.0,0,2.817520000000002,3.068332499999997,3.2871399999999653
2019-07-05,1.0,0.0,0.0,0.0,0,2.7719299999999976,3.0190910000000057,3.193939999999998
2019-07-06,1.0,0.0,0.0,0.0,0,2.7202650000000403,2.9632729999999894,3.097149999999999
2019-07-07,1.0,0.0,0.0,0.0,0,2.671875,2.9013394999999833,2.99735000000004
2019-07-08,1.0,0.0,0.0,0.0,0,2.6174899999999752,2.8304250000000137,2.895060000000001
2019-07-09,1.0,0.0,0.0,0.0,0,2.555875000000043,2.7542320000000076,2.790869999999984
2019-07-10,1.0,0.0,0.0,0.0,0,2.485759999999999,2.6749330000000158,2.6853100000000154
2019-07-11,1.0,0.0,0.0,0.0,0,2.410644999999988,2.600871500000011,2.5789700000000266
2019-07-12,1.0,0.0,0.0,0.0,0,2.3376300000000185,2.526600999999977,2.472370000000012
2019-07-13,1.0,0.0,0.0,0.0,0,2.257779999999997,2.4482890000000195,2.366079999999954
2019-07-14,1.0,0.0,0.0,0.0,0,2.1844649999999888,2.368636000000012,2.2606799999999794
2019-07-15,1.0,0.0,0.0,0.0,0,2.099365000000006,2.292587000000006,2.1567000000000007
2019-07-16,1.0,0.0,0.0,0.0,0,2.0194399999999746,2.226269500000015,2.05471
2019-07-17,1.0,0.0,0.0,0.0,0,1.9398250000000132,2.1640060000000205,1.9552600000000098
2019-07-18,1.0,0.0,0.0,0.0,0,1.8725949999999898,2.1091080000000204,1.8589099999999803
2019-07-19,1.0,0.0,0.0,0.0,0,1.7963799999999992,2.052163999999988,1.7662200000000325
2019-07-20,1.0,0.0,0.0,0.0,0,1.714145000000002,1.9715679999999962,1.6777400000000284
2019-07-21,1.0,0.0,0.0,0.0,0,1.646630000000016,1.9022805000000005,1.5940299999999752
2019-07-22,1.0,0.0,0.0,0.0,0,1.5743650000000287,1.8375885000000294,1.5156500000000506
2019-07-23,1.0,0.0,0.0,0.0,0,1.49733999999998,1.774343999999988,1.4431599999999776
2019-07-24,1.0,0.0,0.0,0.0,0,1.4281900000000007,1.7127999999999957,1.377110000000016
2019-07-25,1.0,0.0,0.0,0.0,0,1.3687650000000247,1.6533880000000125,1.3180600000000027
2019-07-26,1.0,0.0,0.0,0.0,0,1.3134000000000015,1.5966070000000117,1.26655999999997
2019-07-27,1.0,0.0,0.0,0.0,0,1.2521000000000129,1.5428169999999908,1.2231899999999882
2019-07-28,1.0,0.0,0.0,0.0,0,1.1902399999999886,1.4920564999999868,1.1884699999999953
2019-07-29,1.0,0.0,0.0,0.0,0,1.132690000000025,1.444589999999988,1.1629900000000362
2019-07-30,1.0,0.0,0.0,0.0,0,1.0797900000000027,1.4022250000000211,1.1472899999999981
2019-07-31,1.0,0.0,0.0,0.0,0,1.0392650000000003,1.3650535000000132,1.1419399999999769
2019-08-01,1.0,0.0,0.0,0.0,0,1.0024349999999913,1.3317134999999694,1.1419399999999769
2019-08-02,1.0,0.0,0.0,0.0,0,0.9701200000000085,1.3023779999999816,1.141930000000002
2019-08-03,1.0,0.0,0.0,0.0,0,0.9422849999999983,1.2770050000000366,1.1419400000000337
2019-08-04,1.0,0.0,0.0,0.0,0,0.9185799999999915,1.2554160000000052,1.141930000000002
2019-08-05,1.0,0.0,0.0,0.0,0,0.8985899999999845,1.237253000000001,1.1419399999999769
2019-08-06,1.0,0.0,0.0,0.0,0,0.8803249999999991,1.2219549999999912,1.141930000000002
2019-08-07,1.0,0.0,0.0,0.0,0,0.8651650000000188,1.209049999999999,1.1419400000000337
2019-08-08,1.0,0.0,0.0,0.0,0,0.8522099999999853,1.1977780000000167,1.141930000000002
2019-08-09,1.0,0.0,0.0,0.0,0,0.8409049999999922,1.1877995000000026,1.1419399999999769
2019-08-10,1.0,0.0,0.0,0.0,0,0.8312099999999987,1.1791154999999889,1.141930000000002
2019-08-11,1.0,0.0,0.0,0.0,0,0.8229350000000011,1.1715779999999938,1.1419399999999769
2019-08-12,1.0,0.0,0.0,0.0,0,0.816110000000009,1.1652064999999936,1.1419400000000337
2019-08-13,1.0,0.0,0.0,0.0,0,0.8105750000000285,1.1599115000000124,1.141930000000002
2019-08-14,1.0,0.0,0.0,0.0,0,0.8063649999999996,1.1556504999999675,1.1419399999999769
2019-08-15,1.0,0.0,0.0,0.0,0,0.8032850000000167,1.152370999999991,1.141930000000002
2019-08-16,1.0,0.0,0.0,0.0,0,0.8013550000000009,1.1500445000000041,1.1419400000000337
2019-08-17,1.0,0.0,0.0,0.0,0,0.800454999999971,1.148606000000018,1.141930000000002
2019-08-18,1.0,0.0,0.0,0.0,0,0.8005100000000027,1.147963500000006,1.1419399999999769
2019-08-19,1.0,0.0,0.0,0.0,0,0.8015350000000012,1.1481629999999996,1.141930000000002
2019-08-20,1.0,0.0,0.0,0.0,0,0.8033199999999852,1.1490550000000326,1.1419399999999769
2019-08-21,1.0,0.0,0.0,0.0,0,0.8058399999999892,1.1506125000000025,1.1419399999999769
2019-08-22,1.0,0.0,0.0,0.0,0,0.8090799999999945,1.1528215000000017,1.141930000000002
2019-08-23,1.0,0.0,0.0,0.0,0,0.812940000000026,1.1556290000000076,1.1419399999999769
2019-08-24,1.0,0.0,0.0,0.0,0,0.8173049999999762,1.1589120000000064,1.141930000000002
2019-08-25,1.0,0.0,0.0,0.0,0,0.8221149999999966,1.1627194999999886,1.1419400000000337
2019-08-26,1.0,0.0,0.0,0.0,0,0.8273299999999892,1.1669465000000314,1.141930000000002
2019-08-27,1.0,0.0,0.0,0.0,0,0.8328300000000013,1.1714980000000252,1.1419399999999769
2019-08-28,1.0,0.0,0.0,0.0,0,0.8386050000000012,1.1764190000000012,1.141930000000002
2019-08-29,1.0,0.0,0.0,0.0,0,0.8445600000000013,1.181601499999968,1.1419399999999769
2019-08-30,1.0,0.0,0.0,0.0,0,0.8505499999999984,1.1870005000000134,1.141930000000002
2019-08-31,1.0,0.0,0.0,0.0,0,0.856615000000005,1.192546500000023,1.1419400000000337
2019-09-01,1.0,0.0,0.0,0.0,0,0.8626250000000084,1.1982200000000005,1.1419399999999769
2019-09-02,1.0,0.0,0.0,0.0,0,0.8684949999999958,1.2039609999999838,1.141239999999982
2019-09-03,1.0,0.0,0.0,0.0,0,0.8741600000000176,1.2097294999999917,1.139280000000042
2019-09-04,1.0,0.0,0.0,0.0,0,0.8796100000000138,1.2153174999999805,1.1361800000000244
2019-09-05,1.0,0.0,0.0,0.0,0,0.8847049999999967,1.2206480000000168,1.1321100000000115
2019-09-06,1.0,0.0,0.0,0.0,0,0.8892899999999884,1.2254409999999751,1.127209999999991
2019-09-07,1.0,0.0,0.0,0.0,0,0.8932500000000232,1.2293800000000032,1.1216499999999883
2019-09-08,1.0,0.0,0.0,0.0,0,0.8962799999999902,1.2322260000000227,1.1155499999999847
2019-09-09,1.0,0.0,0.0,0.0,0,0.8980799999999931,1.2334945000000117,1.1090899999999806
2019-09-10,1.0,0.0,0.0,0.0,0,0.8987099999999941,1.233130499999973,1.1024100000000203
2019-09-11,1.0,0.0,0.0,0.0,0,0.8981749999999806,1.2312065000000132,1.0956699999999842
