date,displacement
2016-07-01,673.7466666666666
2016-07-02,673.9429336688377
2016-07-03,674.1392824027828
2016-07-04,674.3357946002761
2016-07-05,674.5325519930916
2016-07-06,674.7296363130034
2016-07-07,674.9271292917855
2016-07-08,675.1251126612119
2016-07-09,675.3236681530568
2016-07-10,675.5228774990943
2016-07-11,675.7228224310983
2016-07-12,675.923584680843
2016-07-13,676.1252459801024
2016-07-14,676.3278880606506
2016-07-15,676.5315926542615
2016-07-16,676.7364414927096
2016-07-17,676.9425163077685
2016-07-18,677.1498988312125
2016-07-19,677.3586707948156
2016-07-20,677.5689139303518
2016-07-21,677.7807099695951
2016-07-22,677.9941406443199
2016-07-23,678.2092876863001
2016-07-24,678.4262328273096
2016-07-25,678.6450577991227
2016-07-26,678.8658443335132
2016-07-27,679.0886741622555
2016-07-28,679.3136290171234
2016-07-29,679.540790629891
2016-07-30,679.7702407323326
2016-07-31,680.0020610562219
2016-08-01,680.2363333333333
2016-08-02,680.4730575636665
2016-08-03,680.7119068201256
2016-08-04,680.9524724438398
2016-08-05,681.1943457759392
2016-08-06,681.4371181575533
2016-08-07,681.6803809298119
2016-08-08,681.9237254338444
2016-08-09,682.1667430107806
2016-08-10,682.4090250017504
2016-08-11,682.6501627478831
2016-08-12,682.8897475903087
2016-08-13,683.1273708701567
2016-08-14,683.3626239285568
2016-08-15,683.5950981066387
2016-08-16,683.824384745532
2016-08-17,684.0500751863666
2016-08-18,684.271760770272
2016-08-19,684.4890328383776
2016-08-20,684.7014827318137
2016-08-21,684.9087017917095
2016-08-22,685.1102813591949
2016-08-23,685.3058127753994
2016-08-24,685.4948873814528
2016-08-25,685.6770965184846
2016-08-26,685.8520315276248
2016-08-27,686.0192837500028
2016-08-28,686.1784445267484
2016-08-29,686.3291051989913
2016-08-30,686.4708571078611
2016-08-31,686.6032915944874
2016-09-01,686.726
2016-09-02,686.8387126775118
2016-09-03,686.9417160280692
2016-09-04,687.0354354647013
2016-09-05,687.1202964004384
2016-09-06,687.1967242483091
2016-09-07,687.2651444213436
2016-09-08,687.325982332571
2016-09-09,687.3796633950211
2016-09-10,687.4266130217234
2016-09-11,687.4672566257074
2016-09-12,687.5020196200023
2016-09-13,687.5313274176382
2016-09-14,687.5556054316442
2016-09-15,687.5752790750499
2016-09-16,687.590773760885
2016-09-17,687.6025149021789
2016-09-18,687.610927911961
2016-09-19,687.6164382032609
2016-09-20,687.6194711891083
2016-09-21,687.6204522825326
2016-09-22,687.6198068965633
2016-09-23,687.61796044423
2016-09-24,687.6153383385621
2016-09-25,687.6123659925892
2016-09-26,687.6094688193408
2016-09-27,687.6070722318465
2016-09-28,687.6056016431356
2016-09-29,687.6054824662381
2016-09-30,687.6071401141829
2016-10-01,687.611
2016-10-02,687.6173986501444
2016-10-03,687.6263170447745
2016-10-04,687.637647277474
2016-10-05,687.651281441827
2016-10-06,687.6671116314172
2016-10-07,687.6850299398288
2016-10-08,687.7049284606456
2016-10-09,687.7266992874515
2016-10-10,687.7502345138304
2016-10-11,687.7754262333664
2016-10-12,687.8021665396429
2016-10-13,687.8303475262446
2016-10-14,687.8598612867548
2016-10-15,687.8905999147577
2016-10-16,687.9224555038371
2016-10-17,687.9553201475771
2016-10-18,687.9890859395614
2016-10-19,688.023644973374
2016-10-20,688.058889342599
2016-10-21,688.09471114082
2016-10-22,688.1310024616212
2016-10-23,688.1676553985862
2016-10-24,688.2045620452994
2016-10-25,688.2416144953443
2016-10-26,688.2787048423049
2016-10-27,688.3157251797654
2016-10-28,688.3525676013094
2016-10-29,688.3891242005209
2016-10-30,688.425287070984
2016-10-31,688.4609483062823
2016-11-01,688.496
2016-11-02,688.5303693112213
2016-11-03,688.564123661033
2016-11-04,688.5973655360219
2016-11-05,688.6301974227752
2016-11-06,688.6627218078795
2016-11-07,688.6950411779222
2016-11-08,688.7272580194901
2016-11-09,688.7594748191705
2016-11-10,688.7917940635502
2016-11-11,688.8243182392162
2016-11-12,688.8571498327556
2016-11-13,688.8903913307553
2016-11-14,688.9241452198023
2016-11-15,688.9585139864838
2016-11-16,688.9936001173867
2016-11-17,689.029506099098
2016-11-18,689.0663344182045
2016-11-19,689.1041875612938
2016-11-20,689.1431680149524
2016-11-21,689.1833782657675
2016-11-22,689.224920800326
2016-11-23,689.2678981052152
2016-11-24,689.3124126670216
2016-11-25,689.3585669723326
2016-11-26,689.4064635077353
2016-11-27,689.4562047598164
2016-11-28,689.5078932151631
2016-11-29,689.5616313603624
2016-11-30,689.6175216820012
2016-12-01,689.6756666666666
2016-12-02,689.7360915860976
2016-12-03,689.7985128526411
2016-12-04,689.8625696637957
2016-12-05,689.9279012170604
2016-12-06,689.9941467099336
2016-12-07,690.0609453399144
2016-12-08,690.1279363045015
2016-12-09,690.1947588011938
2016-12-10,690.26105202749
2016-12-11,690.3264551808888
2016-12-12,690.3906074588891
2016-12-13,690.4531480589898
2016-12-14,690.5137161786894
2016-12-15,690.5719510154868
2016-12-16,690.6274917668809
2016-12-17,690.6799776303702
2016-12-18,690.7290478034539
2016-12-19,690.7743414836306
2016-12-20,690.8154978683988
2016-12-21,690.8521561552577
2016-12-22,690.8839555417059
2016-12-23,690.9105352252421
2016-12-24,690.9315344033653
2016-12-25,690.9465922735742
2016-12-26,690.9553480333675
2016-12-27,690.9574408802441
2016-12-28,690.9525100117027
2016-12-29,690.9401946252422
2016-12-30,690.9201339183612
2016-12-31,690.8919670885588
2017-01-01,690.8553333333333
2017-01-02,690.8101566156008
2017-01-03,690.7574999599444
2017-01-04,690.6987111563644
2017-01-05,690.6351379948612
2017-01-06,690.5681282654347
2017-01-07,690.4990297580853
2017-01-08,690.4291902628129
2017-01-09,690.3599575696181
2017-01-10,690.2926794685009
2017-01-11,690.2287037494616
2017-01-12,690.1693782025004
2017-01-13,690.1160506176175
2017-01-14,690.0700687848131
2017-01-15,690.0327804940874
2017-01-16,690.0055335354406
2017-01-17,689.989675698873
2017-01-18,689.9865547743848
2017-01-19,689.9975185519761
2017-01-20,690.0239148216473
2017-01-21,690.0670913733983
2017-01-22,690.1283959972295
2017-01-23,690.2091764831413
2017-01-24,690.3107806211335
2017-01-25,690.4345562012066
2017-01-26,690.5818510133608
2017-01-27,690.7540128475963
2017-01-28,690.9523894939132
2017-01-29,691.1783287423118
2017-01-30,691.4331783827923
2017-01-31,691.7182862053551
2017-02-01,692.035
2017-02-02,692.384182284088
2017-02-03,692.7647544844214
2017-02-04,693.1751527551634
2017-02-05,693.6138132504772
2017-02-06,694.0791721245255
2017-02-07,694.5696655314713
2017-02-08,695.0837296254779
2017-02-09,695.619800560708
2017-02-10,696.1763144913249
2017-02-11,696.7517075714916
2017-02-12,697.3444159553709
2017-02-13,697.9528757971259
2017-02-14,698.5755232509198
2017-02-15,699.2107944709154
2017-02-16,699.8571256112758
2017-02-17,700.5129528261641
2017-02-18,701.1767122697433
2017-02-19,701.8468400961763
2017-02-20,702.5217724596262
2017-02-21,703.1999455142559
2017-02-22,703.8797954142286
2017-02-23,704.5597583137073
2017-02-24,705.2382703668549
2017-02-25,705.9137677278346
2017-02-26,706.5846865508092
2017-02-27,707.2494629899419
2017-02-28,707.9065331993955
2017-03-01,708.5543333333333
2017-03-02,709.191620711019
2017-03-03,709.818437312121
2017-03-04,710.4351462814079
2017-03-05,711.042110763649
2017-03-06,711.639693903613
2017-03-07,712.228258846069
2017-03-08,712.808168735786
2017-03-09,713.3797867175332
2017-03-10,713.9434759360793
2017-03-11,714.4995995361933
2017-03-12,715.0485206626443
2017-03-13,715.5906024602012
2017-03-14,716.1262080736332
2017-03-15,716.655700647709
2017-03-16,717.1794433271975
2017-03-17,717.6977992568682
2017-03-18,718.2111315814897
2017-03-19,718.7198034458311
2017-03-20,719.2241779946613
2017-03-21,719.7246183727494
2017-03-22,720.2214877248642
2017-03-23,720.715149195775
2017-03-24,721.2059659302506
2017-03-25,721.6943010730599
2017-03-26,722.1805177689719
2017-03-27,722.6649791627558
2017-03-28,723.1480483991805
2017-03-29,723.630088623015
2017-03-30,724.1114629790281
2017-03-31,724.592534611989
2017-04-01,725.0736666666666
2017-04-02,725.5552317721832
2017-04-03,726.0376404950747
2017-04-04,726.52131288623
2017-04-05,727.0066689965383
2017-04-06,727.494128876889
2017-04-07,727.9841125781708
2017-04-08,728.477040151273
2017-04-09,728.9733316470846
2017-04-10,729.4734071164949
2017-04-11,729.9776866103928
2017-04-12,730.4865901796675
2017-04-13,731.0005378752082
2017-04-14,731.5199497479039
2017-04-15,732.0452458486436
2017-04-16,732.5768462283169
2017-04-17,733.1151709378122
2017-04-18,733.6606400280192
2017-04-19,734.2136735498268
2017-04-20,734.774691554124
2017-04-21,735.3441140918001
2017-04-22,735.922361213744
2017-04-23,736.5098529708451
2017-04-24,737.1070094139923
2017-04-25,737.7142505940745
2017-04-26,738.3319965619814
2017-04-27,738.9606673686017
2017-04-28,739.6006830648246
2017-04-29,740.2524637015391
2017-04-30,740.9164293296346
2017-05-01,741.5929999999998
2017-05-02,742.2824663925934
2017-05-03,742.9846017036507
2017-05-04,743.699049758476
2017-05-05,744.425454382374
2017-05-06,745.1634594006495
2017-05-07,745.9127086386068
2017-05-08,746.6728459215503
2017-05-09,747.4435150747851
2017-05-10,748.2243599236153
2017-05-11,749.0150242933457
2017-05-12,749.8151520092808
2017-05-13,750.6243868967251
2017-05-14,751.4423727809833
2017-05-15,752.26875348736
2017-05-16,753.1031728411594
2017-05-17,753.9452746676865
2017-05-18,754.7947027922456
2017-05-19,755.6511010401414
2017-05-20,756.5141132366783
2017-05-21,757.3833832071612
2017-05-22,758.2585547768944
2017-05-23,759.1392717711825
2017-05-24,760.02517801533
2017-05-25,760.9159173346416
2017-05-26,761.8111335544218
2017-05-27,762.7104704999753
2017-05-28,763.6135719966064
2017-05-29,764.5200818696198
2017-05-30,765.4296439443202
2017-05-31,766.3419020460121
2017-06-01,767.2564999999998
2017-06-02,768.1730410447939
2017-06-03,769.0909660717269
2017-06-04,770.0096753853371
2017-06-05,770.9285692901631
2017-06-06,771.847048090743
2017-06-07,772.7645120916153
2017-06-08,773.6803615973183
2017-06-09,774.5939969123905
2017-06-10,775.5048183413702
2017-06-11,776.4122261887956
2017-06-12,777.3156207592052
2017-06-13,778.2144023571374
2017-06-14,779.1079712871303
2017-06-15,779.9957278537227
2017-06-16,780.8770723614525
2017-06-17,781.7514051148584
2017-06-18,782.6181264184787
2017-06-19,783.4766365768515
2017-06-20,784.3263358945155
2017-06-21,785.166624676009
2017-06-22,785.9969032258701
2017-06-23,786.8165718486374
2017-06-24,787.6250308488492
2017-06-25,788.4216805310438
2017-06-26,789.2059211997597
2017-06-27,789.9771531595351
2017-06-28,790.7347767149085
2017-06-29,791.4781921704183
2017-06-30,792.2067998306026
2017-07-01,792.9199999999998
2017-07-02,793.6173915055866
2017-07-03,794.2993672640912
2017-07-04,794.9665187146801
2017-07-05,795.6194372965198
2017-07-06,796.2587144487769
2017-07-07,796.8849416106177
2017-07-08,797.4987102212087
2017-07-09,798.1006117197167
2017-07-10,798.6912375453078
2017-07-11,799.2711791371486
2017-07-12,799.8410279344056
2017-07-13,800.4013753762454
2017-07-14,800.9528129018342
2017-07-15,801.4959319503387
2017-07-16,802.0313239609253
2017-07-17,802.5595803727607
2017-07-18,803.0812926250111
2017-07-19,803.597052156843
2017-07-20,804.1074504074231
2017-07-21,804.6130788159177
2017-07-22,805.1145288214933
2017-07-23,805.6123918633166
2017-07-24,806.1072593805537
2017-07-25,806.5997228123714
2017-07-26,807.0903735979361
2017-07-27,807.5798031764141
2017-07-28,808.068602986972
2017-07-29,808.5573644687764
2017-07-30,809.0466790609938
2017-07-31,809.5371382027906
2017-08-01,810.0293333333332
2017-08-02,810.5237808134684
2017-08-03,811.0206966907638
2017-08-04,811.5202219344677
2017-08-05,812.0224975138276
2017-08-06,812.5276643980918
2017-08-07,813.0358635565084
2017-08-08,813.5472359583247
2017-08-09,814.0619225727895
2017-08-10,814.5800643691501
2017-08-11,815.1018023166548
2017-08-12,815.6272773845516
2017-08-13,816.1566305420881
2017-08-14,816.6900027585127
2017-08-15,817.2275350030733
2017-08-16,817.7693682450174
2017-08-17,818.3156434535936
2017-08-18,818.8665015980495
2017-08-19,819.422083647633
2017-08-20,819.9825305715923
2017-08-21,820.5479833391752
2017-08-22,821.1185829196297
2017-08-23,821.694470282204
2017-08-24,822.2757863961456
2017-08-25,822.8626722307029
2017-08-26,823.4552687551235
2017-08-27,824.0537169386556
2017-08-28,824.6581577505472
2017-08-29,825.268732160046
2017-08-30,825.8855811364002
2017-08-31,826.5088456488577
2017-09-01,827.1386666666665
2017-09-02,827.7749802227908
2017-09-03,828.4169026050603
2017-09-04,829.0633451650209
2017-09-05,829.7132192542184
2017-09-06,830.3654362241988
2017-09-07,831.0189074265081
2017-09-08,831.6725442126922
2017-09-09,832.325257934297
2017-09-10,832.9759599428685
2017-09-11,833.6235615899526
2017-09-12,834.266974227095
2017-09-13,834.905109205842
2017-09-14,835.5368778777394
2017-09-15,836.1611915943328
2017-09-16,836.7769617071685
2017-09-17,837.3830995677924
2017-09-18,837.9785165277505
2017-09-19,838.5621239385885
2017-09-20,839.1328331518522
2017-09-21,839.6895555190879
2017-09-22,840.2312023918414
2017-09-23,840.7566851216585
2017-09-24,841.2649150600852
2017-09-25,841.7548035586676
2017-09-26,842.2252619689514
2017-09-27,842.6752016424824
2017-09-28,843.1035339308071
2017-09-29,843.5091701854709
2017-09-30,843.8910217580197
2017-10-01,844.2479999999998
2017-10-02,844.5793771162043
2017-10-03,844.8858687244161
2017-10-04,845.1685512956653
2017-10-05,845.4285013009825
2017-10-06,845.6667952113976
2017-10-07,845.8845094979407
2017-10-08,846.0827206316427
2017-10-09,846.2625050835331
2017-10-10,846.4249393246427
2017-10-11,846.5710998260015
2017-10-12,846.7020630586397
2017-10-13,846.8189054935877
2017-10-14,846.9227036018756
2017-10-15,847.0145338545336
2017-10-16,847.0954727225921
2017-10-17,847.1665966770813
2017-10-18,847.2289821890315
2017-10-19,847.2837057294728
2017-10-20,847.3318437694355
2017-10-21,847.3744727799499
2017-10-22,847.4126692320461
2017-10-23,847.4475095967546
2017-10-24,847.4800703451054
2017-10-25,847.5114279481288
2017-10-26,847.5426588768551
2017-10-27,847.5748396023145
2017-10-28,847.609046595537
2017-10-29,847.6463563275535
2017-10-30,847.6878452693937
2017-10-31,847.7345898920878
2017-11-01,847.7876666666665
2017-11-02,847.8479173832891
2017-11-03,847.9152451086326
2017-11-04,847.9893182285039
2017-11-05,848.0698051287088
2017-11-06,848.1563741950546
2017-11-07,848.2486938133471
2017-11-08,848.3464323693934
2017-11-09,848.4492582489994
2017-11-10,848.556839837972
2017-11-11,848.6688455221174
2017-11-12,848.7849436872424
2017-11-13,848.9048027191532
2017-11-14,849.0280910036565
2017-11-15,849.1544769265586
2017-11-16,849.2836288736661
2017-11-17,849.4152152307853
2017-11-18,849.5489043837231
2017-11-19,849.6843647182856
2017-11-20,849.8212646202794
2017-11-21,849.959272475511
2017-11-22,850.0980566697871
2017-11-23,850.2372855889137
2017-11-24,850.3766276186976
2017-11-25,850.5157511449452
2017-11-26,850.6543245534632
2017-11-27,850.7920162300578
2017-11-28,850.9284945605357
2017-11-29,851.0634279307031
2017-11-30,851.1964847263667
2017-12-01,851.3273333333332
2017-12-02,851.4557222927739
2017-12-03,851.5817207673213
2017-12-04,851.7054780749733
2017-12-05,851.8271435337272
2017-12-06,851.9468664615806
2017-12-07,852.0647961765314
2017-12-08,852.1810819965773
2017-12-09,852.2958732397158
2017-12-10,852.4093192239443
2017-12-11,852.5215692672607
2017-12-12,852.6327726876625
2017-12-13,852.7430788031475
2017-12-14,852.8526369317132
2017-12-15,852.9615963913573
2017-12-16,853.0701065000773
2017-12-17,853.1783165758708
2017-12-18,853.2863759367358
2017-12-19,853.3944339006697
2017-12-20,853.5026397856699
2017-12-21,853.6111429097343
2017-12-22,853.7200925908605
2017-12-23,853.8296381470461
2017-12-24,853.939928896289
2017-12-25,854.0511141565863
2017-12-26,854.163343245936
2017-12-27,854.2767654823356
2017-12-28,854.3915301837827
2017-12-29,854.5077866682752
2017-12-30,854.6256842538104
2017-12-31,854.745372258386
2018-01-01,854.8669999999998
2018-01-02,854.9906494189663
2018-01-03,855.1161329448679
2018-01-04,855.2431956296035
2018-01-05,855.3715825250728
2018-01-06,855.501038683175
2018-01-07,855.6313091558093
2018-01-08,855.762138994875
2018-01-09,855.8932732522715
2018-01-10,856.0244569798976
2018-01-11,856.1554352296533
2018-01-12,856.2859530534374
2018-01-13,856.4157555031494
2018-01-14,856.5445876306884
2018-01-15,856.6721944879539
2018-01-16,856.7983211268447
2018-01-17,856.9227125992608
2018-01-18,857.0451139571009
2018-01-19,857.1652702522645
2018-01-20,857.2829265366508
2018-01-21,857.3978278621593
2018-01-22,857.5097192806888
2018-01-23,857.6183458441392
2018-01-24,857.7234526044094
2018-01-25,857.8247846133988
2018-01-26,857.9220869230065
2018-01-27,858.015104585132
2018-01-28,858.1035826516744
2018-01-29,858.1872661745332
2018-01-30,858.2659002056075
2018-01-31,858.3392297967966
2018-02-01,858.4069999999999
2018-02-02,858.4691806591684
2018-02-03,858.5266407864605
2018-02-04,858.5804741860862
2018-02-05,858.6317746622558
2018-02-06,858.6816360191797
2018-02-07,858.731152061068
2018-02-08,858.7814165921308
2018-02-09,858.8335234165781
2018-02-10,858.8885663386204
2018-02-11,858.9476391624677
2018-02-12,859.0118356923302
2018-02-13,859.0822497324184
2018-02-14,859.159975086942
2018-02-15,859.2461055601116
2018-02-16,859.3417349561371
2018-02-17,859.4479570792287
2018-02-18,859.5658657335968
2018-02-19,859.6965547234515
2018-02-20,859.8411178530029
2018-02-21,860.0006489264612
2018-02-22,860.1762417480367
2018-02-23,860.3689901219394
2018-02-24,860.5799878523796
2018-02-25,860.8103287435675
2018-02-26,861.0611065997134
2018-02-27,861.3334152250272
2018-02-28,861.6283484237194
2018-03-01,861.9469999999999
2018-03-02,862.2901112586692
2018-03-03,862.657013506888
2018-03-04,863.0466855524077
2018-03-05,863.4581062029787
2018-03-06,863.8902542663523
2018-03-07,864.3421085502794
2018-03-08,864.8126478625112
2018-03-09,865.3008510107985
2018-03-10,865.8056968028923
2018-03-11,866.3261640465435
2018-03-12,866.8612315495031
2018-03-13,867.4098781195224
2018-03-14,867.9710825643521
2018-03-15,868.5438236917432
2018-03-16,869.1270803094468
2018-03-17,869.7198312252137
2018-03-18,870.3210552467951
2018-03-19,870.929731181942
2018-03-20,871.5448378384051
2018-03-21,872.1653540239356
2018-03-22,872.7902585462845
2018-03-23,873.4185302132028
2018-03-24,874.0491478324413
2018-03-25,874.6810902117511
2018-03-26,875.3133361588833
2018-03-27,875.9448644815888
2018-03-28,876.5746539876185
2018-03-29,877.2016834847235
2018-03-30,877.8249317806547
2018-03-31,878.4433776831632
2018-04-01,879.0559999999999
2018-04-02,879.6620184060042
2018-04-03,880.2616160443692
2018-04-04,880.8552169253767
2018-04-05,881.4432450593077
2018-04-06,882.026124456444
2018-04-07,882.6042791270671
2018-04-08,883.1781330814586
2018-04-09,883.7481103298998
2018-04-10,884.3146348826723
2018-04-11,884.8781307500577
2018-04-12,885.4390219423375
2018-04-13,885.9977324697932
2018-04-14,886.5546863427062
2018-04-15,887.1103075713582
2018-04-16,887.6650201660307
2018-04-17,888.219248137005
2018-04-18,888.773415494563
2018-04-19,889.3279462489858
2018-04-20,889.8832644105551
2018-04-21,890.4397939895524
2018-04-22,890.9979589962593
2018-04-23,891.5581834409571
2018-04-24,892.1208913339276
2018-04-25,892.6865066854523
2018-04-26,893.2554535058123
2018-04-27,893.8281558052896
2018-04-28,894.4050375941655
2018-04-29,894.9865228827215
2018-04-30,895.5730356812392
2018-05-01,896.165
2018-05-02,896.762629743951
2018-05-03,897.3652983967017
2018-05-04,897.972169336527
2018-05-05,898.5824059417016
2018-05-06,899.1951715905005
2018-05-07,899.8096296611986
2018-05-08,900.424943532071
2018-05-09,901.0402765813923
2018-05-10,901.6547921874375
2018-05-11,902.2676537284814
2018-05-12,902.8780245827993
2018-05-13,903.4850681286658
2018-05-14,904.0879477443559
2018-05-15,904.6858268081445
2018-05-16,905.2778686983064
2018-05-17,905.8632367931166
2018-05-18,906.4410944708499
2018-05-19,907.0106051097814
2018-05-20,907.5709320881859
2018-05-21,908.1212387843384
2018-05-22,908.6606885765136
2018-05-23,909.1884448429865
2018-05-24,909.7036709620321
2018-05-25,910.2055303119253
2018-05-26,910.6931862709406
2018-05-27,911.1658022173535
2018-05-28,911.6225415294388
2018-05-29,912.062567585471
2018-05-30,912.4850437637253
2018-05-31,912.8891334424768
2018-06-01,913.274
2018-06-02,913.6390824466096
2018-06-03,913.9849223207783
2018-06-04,914.3123367930185
2018-06-05,914.6221430338427
2018-06-06,914.9151582137629
2018-06-07,915.1921995032917
2018-06-08,915.4540840729414
2018-06-09,915.7016290932244
2018-06-10,915.935651734653
2018-06-11,916.1569691677395
2018-06-12,916.3663985629964
2018-06-13,916.5647570909359
2018-06-14,916.7528619220706
2018-06-15,916.9315302269125
2018-06-16,917.101579175974
2018-06-17,917.2638259397678
2018-06-18,917.4190876888061
2018-06-19,917.568181593601
2018-06-20,917.7119248246651
2018-06-21,917.8511345525106
2018-06-22,917.9866279476502
2018-06-23,918.1192221805958
2018-06-24,918.2497344218599
2018-06-25,918.3789818419551
2018-06-26,918.5077816113935
2018-06-27,918.6369509006876
2018-06-28,918.7673068803495
2018-06-29,918.8996667208918
2018-06-30,919.0348475928267
2018-07-01,919.1736666666667
2018-07-02,919.3167844630942
2018-07-03,919.464234903472
2018-07-04,919.6158952593328
2018-07-05,919.7716428022101
2018-07-06,919.9313548036363
2018-07-07,920.0949085351447
2018-07-08,920.2621812682679
2018-07-09,920.4330502745391
2018-07-10,920.607392825491
2018-07-11,920.7850861926566
2018-07-12,920.9660076475691
2018-07-13,921.1500344617613
2018-07-14,921.3370439067658
2018-07-15,921.5269132541158
2018-07-16,921.7195197753441
2018-07-17,921.914740741984
2018-07-18,922.112453425568
2018-07-19,922.3125350976293
2018-07-20,922.5148630297006
2018-07-21,922.719314493315
2018-07-22,922.9257667600054
2018-07-23,923.1340971013047
2018-07-24,923.3441827887459
2018-07-25,923.5559010938618
2018-07-26,923.7691292881855
2018-07-27,923.9837446432497
2018-07-28,924.1996244305876
2018-07-29,924.4166459217321
2018-07-30,924.6346863882158
2018-07-31,924.853623101572
2018-08-01,925.0733333333334
2018-08-02,925.2936733618092
2018-08-03,925.5144154924133
2018-08-04,925.7353110373358
2018-08-05,925.9561113087666
2018-08-06,926.1765676188958
2018-08-07,926.3964312799135
2018-08-08,926.6154536040095
2018-08-09,926.8333859033744
2018-08-10,927.0499794901979
2018-08-11,927.2649856766698
2018-08-12,927.4781557749806
2018-08-13,927.68924109732
2018-08-14,927.8979929558784
2018-08-15,928.1041626628456
2018-08-16,928.3075015304116
2018-08-17,928.5077608707667
2018-08-18,928.7046919961008
2018-08-19,928.8980462186038
2018-08-20,929.087574850466
2018-08-21,929.2730292038773
2018-08-22,929.4541605910279
2018-08-23,929.6307203241078
2018-08-24,929.8024597153068
2018-08-25,929.9691300768152
2018-08-26,930.130482720823
2018-08-27,930.2862689595203
2018-08-28,930.4362401050971
2018-08-29,930.5801474697433
2018-08-30,930.7177423656493
2018-08-31,930.8487761050048
2018-09-01,930.9730000000001
2018-09-02,931.0902558573553
2018-09-03,931.2007474619112
2018-09-04,931.3047690930395
2018-09-05,931.4026150301107
2018-09-06,931.4945795524967
2018-09-07,931.5809569395681
2018-09-08,931.6620414706962
2018-09-09,931.7381274252523
2018-09-10,931.8095090826074
2018-09-11,931.876480722133
2018-09-12,931.9393366231998
2018-09-13,931.9983710651793
2018-09-14,932.0538783274427
2018-09-15,932.1061526893609
2018-09-16,932.1554884303052
2018-09-17,932.2021798296469
2018-09-18,932.2465211667569
2018-09-19,932.2888067210067
2018-09-20,932.3293307717671
2018-09-21,932.3683875984096
2018-09-22,932.4062714803052
2018-09-23,932.4432766968253
2018-09-24,932.4796975273406
2018-09-25,932.5158282512226
2018-09-26,932.5519631478426
2018-09-27,932.5883964965714
2018-09-28,932.6254225767805
2018-09-29,932.6633356678407
2018-09-30,932.7024300491237
2018-10-01,932.7430000000002
2018-10-02,932.7852785350553
2018-10-03,932.8292536097294
2018-10-04,932.8748519146769
2018-10-05,932.9220001405516
2018-10-06,932.9706249780077
2018-10-07,933.0206531176995
2018-10-08,933.0720112502811
2018-10-09,933.1246260664066
2018-10-10,933.1784242567304
2018-10-11,933.2333325119062
2018-10-12,933.2892775225887
2018-10-13,933.3461859794318
2018-10-14,933.4039845730895
2018-10-15,933.4625999942164
2018-10-16,933.5219589334662
2018-10-17,933.5819880814933
2018-10-18,933.6426141289517
2018-10-19,933.7037637664959
2018-10-20,933.7653636847796
2018-10-21,933.8273405744575
2018-10-22,933.8896211261832
2018-10-23,933.9521320306112
2018-10-24,934.0147999783957
2018-10-25,934.0775516601907
2018-10-26,934.1403137666503
2018-10-27,934.2030129884288
2018-10-28,934.2655760161803
2018-10-29,934.327929540559
2018-10-30,934.3900002522194
2018-10-31,934.4517148418148
2018-11-01,934.5130000000001
2018-11-02,934.5738007413262
2018-11-03,934.6341353759314
2018-11-04,934.6940405378513
2018-11-05,934.7535528611213
2018-11-06,934.8127089797767
2018-11-07,934.871545527853
2018-11-08,934.9300991393856
2018-11-09,934.9884064484098
2018-11-10,935.0465040889611
2018-11-11,935.1044286950751
2018-11-12,935.1622169007867
2018-11-13,935.2199053401317
2018-11-14,935.2775306471453
2018-11-15,935.3351294558632
2018-11-16,935.3927384003206
2018-11-17,935.4503941145529
2018-11-18,935.5081332325955
2018-11-19,935.5659923884839
2018-11-20,935.6240082162535
2018-11-21,935.6822173499395
2018-11-22,935.7406564235775
2018-11-23,935.799362071203
2018-11-24,935.8583709268512
2018-11-25,935.9177196245575
2018-11-26,935.9774447983575
2018-11-27,936.0375830822863
2018-11-28,936.0981711103797
2018-11-29,936.1592455166729
2018-11-30,936.2208429352011
2018-12-01,936.2830000000001
2018-12-02,936.3457320524712
2018-12-03,936.4089692634803
2018-12-04,936.4726205112597
2018-12-05,936.5365946740415
2018-12-06,936.6008006300572
2018-12-07,936.6651472575396
2018-12-08,936.7295434347204
2018-12-09,936.7938980398317
2018-12-10,936.8581199511058
2018-12-11,936.9221180467746
2018-12-12,936.98580120507
2018-12-13,937.0490783042243
2018-12-14,937.1118582224694
2018-12-15,937.1740498380377
2018-12-16,937.2355620291611
2018-12-17,937.2963036740715
2018-12-18,937.3561836510014
2018-12-19,937.4151108381824
2018-12-20,937.4729941138468
2018-12-21,937.5297423562267
2018-12-22,937.5852644435543
2018-12-23,937.6394692540613
2018-12-24,937.69226566598
2018-12-25,937.7435625575425
2018-12-26,937.7932688069809
2018-12-27,937.8412932925272
2018-12-28,937.8875448924135
2018-12-29,937.9319324848718
2018-12-30,937.9743649481344
2018-12-31,938.0147511604332
2019-01-01,938.0530000000001
2019-01-02,938.0890922319868
2019-01-03,938.1232961692222
2019-01-04,938.1559520114539
2019-01-05,938.1873999584308
2019-01-06,938.2179802099002
2019-01-07,938.2480329656108
2019-01-08,938.2778984253106
2019-01-09,938.3079167887477
2019-01-10,938.3384282556702
2019-01-11,938.3697730258262
2019-01-12,938.402291298964
2019-01-13,938.4363232748317
2019-01-14,938.4722091531772
2019-01-15,938.5102891337488
2019-01-16,938.5509034162948
2019-01-17,938.594392200563
2019-01-18,938.6410956863018
2019-01-19,938.691354073259
2019-01-20,938.7455075611833
2019-01-21,938.8038963498223
2019-01-22,938.8668606389243
2019-01-23,938.9347406282375
2019-01-24,939.00787651751
2019-01-25,939.0866085064898
2019-01-26,939.1712767949253
2019-01-27,939.2622215825645
2019-01-28,939.3597830691554
2019-01-29,939.4643014544464
2019-01-30,939.5761169381852
2019-01-31,939.6955697201206
2019-02-01,939.8230000000001
2019-02-02,939.9586168449655
2019-02-03,940.1021047917321
2019-02-04,940.2530172444087
2019-02-05,940.4109076071038
2019-02-06,940.5753292839263
2019-02-07,940.7458356789847
2019-02-08,940.9219801963878
2019-02-09,941.1033162402445
2019-02-10,941.2893972146632
2019-02-11,941.4797765237525
2019-02-12,941.6740075716217
2019-02-13,941.8716437623791
2019-02-14,942.0722385001332
2019-02-15,942.2753451889931
2019-02-16,942.4805172330673
2019-02-17,942.6873080364647
2019-02-18,942.8952710032937
2019-02-19,943.1039595376633
2019-02-20,943.3129270436821
2019-02-21,943.5217269254587
2019-02-22,943.7299125871018
2019-02-23,943.9370374327204
2019-02-24,944.1426548664228
2019-02-25,944.3463182923181
2019-02-26,944.5475811145147
2019-02-27,944.7459967371215
2019-02-28,944.9411185642471
2019-03-01,945.1325000000002
2019-03-02,945.3198175909419
2019-03-03,945.5032404534418
2019-03-04,945.6830608463227
2019-03-05,945.8595710284067
2019-03-06,946.033063258516
2019-03-07,946.2038297954728
2019-03-08,946.3721628980995
2019-03-09,946.5383548252182
2019-03-10,946.7026978356515
2019-03-11,946.8654841882213
2019-03-12,947.0270061417501
2019-03-13,947.1875559550601
2019-03-14,947.3474258869737
2019-03-15,947.5069081963131
2019-03-16,947.6662951419004
2019-03-17,947.8258789825579
2019-03-18,947.985951977108
2019-03-19,948.146806384373
2019-03-20,948.308734463175
2019-03-21,948.4720284723364
2019-03-22,948.6369806706796
2019-03-23,948.8038833170266
2019-03-24,948.9730286701998
2019-03-25,949.1447089890214
2019-03-26,949.3192165323138
2019-03-27,949.4968435588992
2019-03-28,949.6778823275997
2019-03-29,949.8626250972379
2019-03-30,950.0513641266358
2019-03-31,950.2443916746158
2019-04-01,950.4420000000002
2019-04-02,950.6443914264872
2019-04-03,950.8514085372796
2019-04-04,951.0628039804558
2019-04-05,951.2783304040945
2019-04-06,951.4977404562745
2019-04-07,951.7207867850741
2019-04-08,951.9472220385724
2019-04-09,952.1767988648475
2019-04-10,952.4092699119784
2019-04-11,952.6443878280437
2019-04-12,952.8819052611219
2019-04-13,953.121574859292
2019-04-14,953.3631492706322
2019-04-15,953.6063811432214
2019-04-16,953.8510231251379
2019-04-17,954.0968278644608
2019-04-18,954.3435480092684
2019-04-19,954.5909362076394
2019-04-20,954.8387451076527
2019-04-21,955.0867273573867
2019-04-22,955.3346356049201
2019-04-23,955.5822224983314
2019-04-24,955.8292406856993
2019-04-25,956.0754428151025
2019-04-26,956.3205815346197
2019-04-27,956.5644094923294
2019-04-28,956.8066793363105
2019-04-29,957.0471437146413
2019-04-30,957.2855552754006
2019-05-01,957.5216666666669
2019-05-02,957.7553060844929
2019-05-03,957.9866039168262
2019-05-04,958.2157660995889
2019-05-05,958.4429985687025
2019-05-06,958.6685072600884
2019-05-07,958.8924981096688
2019-05-08,959.1151770533653
2019-05-09,959.3367500270994
2019-05-10,959.557422966793
2019-05-11,959.7774018083678
2019-05-12,959.9968924877453
2019-05-13,960.2161009408475
2019-05-14,960.435233103596
2019-05-15,960.6544949119125
2019-05-16,960.8740923017185
2019-05-17,961.0942312089362
2019-05-18,961.3151175694869
2019-05-19,961.5369573192924
2019-05-20,961.7599563942745
2019-05-21,961.9843207303549
2019-05-22,962.2102562634551
2019-05-23,962.4379689294972
2019-05-24,962.6676646644027
2019-05-25,962.899549404093
2019-05-26,963.1338290844905
2019-05-27,963.3707096415163
2019-05-28,963.6103970110925
2019-05-29,963.8530971291405
2019-05-30,964.0990159315822
2019-05-31,964.3483593543393
2019-06-01,964.6013333333335
2019-06-02,964.8580245747263
2019-06-03,965.1180428656385
2019-06-04,965.3808787634306
2019-06-05,965.6460228254632
2019-06-06,965.912965609097
2019-06-07,966.1811976716925
2019-06-08,966.4502095706104
2019-06-09,966.7194918632108
2019-06-10,966.9885351068549
2019-06-11,967.256829858903
2019-06-12,967.5238666767157
2019-06-13,967.7891361176535
2019-06-14,968.052128739077
2019-06-15,968.3123350983469
2019-06-16,968.5692457528237
2019-06-17,968.822351259868
2019-06-18,969.0711421768405
2019-06-19,969.3151090611016
2019-06-20,969.5537424700118
2019-06-21,969.7865329609318
2019-06-22,970.0129710912224
2019-06-23,970.2325474182438
2019-06-24,970.4447524993568
2019-06-25,970.6490768919219
2019-06-26,970.8450111532998
2019-06-27,971.0320458408511
2019-06-28,971.2096715119361
2019-06-29,971.3773787239156
2019-06-30,971.5346580341501
2019-07-01,971.6810000000002
2019-07-02,971.816057907198
2019-07-03,971.9401359549611
2019-07-04,972.0537010708792
2019-07-05,972.1572201825413
2019-07-06,972.2511602175371
2019-07-07,972.3359881034552
2019-07-08,972.4121707678855
2019-07-09,972.4801751384172
2019-07-10,972.5404681426393
2019-07-11,972.5935167081414
2019-07-12,972.6397877625128
2019-07-13,972.6797482333426
2019-07-14,972.7138650482202
2019-07-15,972.742605134735
2019-07-16,972.7664354204762
2019-07-17,972.7858228330331
2019-07-18,972.8012342999951
2019-07-19,972.8131367489515
2019-07-20,972.8219971074915
2019-07-21,972.8282823032042
2019-07-22,972.8324592636793
2019-07-23,972.8349949165059
2019-07-24,972.8363561892736
2019-07-25,972.8370100095711
2019-07-26,972.8374233049883
2019-07-27,972.8380630031141
2019-07-28,972.8393960315378
2019-07-29,972.8418893178492
2019-07-30,972.846009789637
2019-07-31,972.852224374491
2019-08-01,972.8610000000001
2019-08-02,972.8727059173589
2019-08-03,972.8873206721814
2019-08-04,972.9047251336875
2019-08-05,972.9248001710962
2019-08-06,972.9474266536271
2019-08-07,972.9724854504994
2019-08-08,972.9998574309326
2019-08-09,973.0294234641461
2019-08-10,973.0610644193592
2019-08-11,973.0946611657914
2019-08-12,973.1300945726621
2019-08-13,973.1672455091905
2019-08-14,973.2059948445961
2019-08-15,973.2462234480984
2019-08-16,973.2878121889165
2019-08-17,973.3306419362701
2019-08-18,973.3745935593785
2019-08-19,973.4195479274609
2019-08-20,973.4653859097368
2019-08-21,973.5119883754257
2019-08-22,973.559236193747
2019-08-23,973.6070102339198
2019-08-24,973.6551913651637
2019-08-25,973.703660456698
2019-08-26,973.7522983777424
2019-08-27,973.8009859975159
2019-08-28,973.8496041852379
2019-08-29,973.898033810128
2019-08-30,973.9461557414054
2019-08-31,973.9938508482896
2019-09-01,974.041
2019-09-02,974.0875066688403
2019-09-03,974.1333647394514
2019-09-04,974.1785906995584
2019-09-05,974.2232010368867
2019-09-06,974.2672122391617
2019-09-07,974.3106407941084
2019-09-08,974.353503189452
2019-09-09,974.395815912918
2019-09-10,974.4375954522316
2019-09-11,974.4788582951177
2019-09-12,974.519620929302
2019-09-13,974.5598998425095
2019-09-14,974.5997115224654
2019-09-15,974.6390724568952
2019-09-16,974.6779991335238
2019-09-17,974.7165080400767
2019-09-18,974.7546156642793
2019-09-19,974.7923384938564
2019-09-20,974.8296930165335
2019-09-21,974.8666957200358
2019-09-22,974.9033630920886
2019-09-23,974.9397116204171
2019-09-24,974.9757577927465
2019-09-25,975.0115180968022
2019-09-26,975.0470090203094
2019-09-27,975.082247050993
2019-09-28,975.1172486765788
2019-09-29,975.1520303847916
2019-09-30,975.186608663357
2019-10-01,975.221
2019-10-02,975.2552148952259
2019-10-03,975.2892399006598
2019-10-04,975.3230555807072
2019-10-05,975.3566424997728
2019-10-06,975.389981222262
2019-10-07,975.42305231258
2019-10-08,975.4558363351321
2019-10-09,975.4883138543231
2019-10-10,975.5204654345584
2019-10-11,975.5522716402432
2019-10-12,975.5837130357826
2019-10-13,975.6147701855817
2019-10-14,975.645423654046
2019-10-15,975.6756540055802
2019-10-16,975.7054418045897
2019-10-17,975.7347676154797
2019-10-18,975.7636120026553
2019-10-19,975.7919555305218
2019-10-20,975.8197787634841
2019-10-21,975.8470622659476
2019-10-22,975.8737866023174
2019-10-23,975.8999323369989
2019-10-24,975.9254800343967
2019-10-25,975.9504102589166
2019-10-26,975.9747035749632
2019-10-27,975.9983405469421
2019-10-28,976.0213017392584
2019-10-29,976.0435677163172
2019-10-30,976.0651190425235
2019-10-31,976.0859362822827
2019-11-01,976.106
2019-11-02,976.1253177925533
2019-11-03,976.1440053867123
2019-11-04,976.1622055417198
2019-11-05,976.1800610168181
2019-11-06,976.19771457125
2019-11-07,976.2153089642578
2019-11-08,976.2329869550846
2019-11-09,976.2508913029724
2019-11-10,976.2691647671642
2019-11-11,976.2879501069023
2019-11-12,976.3073900814296
2019-11-13,976.3276274499883
2019-11-14,976.3488049718213
2019-11-15,976.371065406171
2019-11-16,976.3945515122804
2019-11-17,976.4194060493915
2019-11-18,976.4457717767472
2019-11-19,976.4737914535899
2019-11-20,976.5036078391624
2019-11-21,976.5353636927072
2019-11-22,976.5692017734668
2019-11-23,976.605264840684
2019-11-24,976.6436956536012
2019-11-25,976.684636971461
2019-11-26,976.728231553506
2019-11-27,976.7746221589788
2019-11-28,976.8239515471221
2019-11-29,976.8763624771782
2019-11-30,976.9319977083901
2019-12-01,976.991
2019-12-02,977.0534675331088
2019-12-03,977.1193201762495
2019-12-04,977.1884332198136
2019-12-05,977.2606819541923
2019-12-06,977.3359416697765
2019-12-07,977.414087656958
2019-12-08,977.4949952061278
2019-12-09,977.5785396076772
2019-12-10,977.6645961519974
2019-12-11,977.75304012948
2019-12-12,977.8437468305158
2019-12-13,977.9365915454963
2019-12-14,978.0314495648126
2019-12-15,978.1281961788563
2019-12-16,978.2267066780184
2019-12-17,978.3268563526904
2019-12-18,978.4285204932634
2019-12-19,978.5315743901284
2019-12-20,978.6358933336772
2019-12-21,978.7413526143008
2019-12-22,978.8478275223904
2019-12-23,978.9551933483374
2019-12-24,979.0633253825329
2019-12-25,979.1720989153683
2019-12-26,979.2813892372351
2019-12-27,979.3910716385241
2019-12-28,979.5010214096268
2019-12-29,979.6111138409345
2019-12-30,979.7212242228384
2019-12-31,979.8312278457298
2020-01-01,979.941
2020-01-02,980.0504274656605
2020-01-03,980.1594429812043
2020-01-04,980.2679907747444
2020-01-05,980.3760150743942
2020-01-06,980.4834601082669
2020-01-07,980.5902701044755
2020-01-08,980.6963892911332
2020-01-09,980.8017618963535
2020-01-10,980.9063321482494
2020-01-11,981.0100442749341
2020-01-12,981.1128425045208
2020-01-13,981.2146710651225
2020-01-14,981.3154741848529
2020-01-15,981.4151960918248
2020-01-16,981.5137810141514
2020-01-17,981.6111731799459
2020-01-18,981.7073168173218
2020-01-19,981.8021561543922
2020-01-20,981.89563541927
2020-01-21,981.9876988400687
2020-01-22,982.0782906449011
2020-01-23,982.1673550618809
2020-01-24,982.2548363191212
2020-01-25,982.340678644735
2020-01-26,982.4248262668355
2020-01-27,982.5072234135359
2020-01-28,982.5878143129496
2020-01-29,982.6665431931897
2020-01-30,982.7433542823693
2020-01-31,982.8181918086017
2020-02-01,982.8910000000001
2020-02-02,982.9618039415284
2020-02-03,983.0309521455537
2020-02-04,983.0988739812938
2020-02-05,983.1659988179663
2020-02-06,983.2327560247896
2020-02-07,983.2995749709809
2020-02-08,983.3668850257583
2020-02-09,983.4351155583397
2020-02-10,983.5046959379428
2020-02-11,983.5760555337854
2020-02-12,983.6496237150851
2020-02-13,983.7258298510602
2020-02-14,983.8051033109282
2020-02-15,983.8878734639071
2020-02-16,983.9745696792144
2020-02-17,984.0656213260684
2020-02-18,984.1614577736865
2020-02-19,984.2625083912866
2020-02-20,984.3692025480866
2020-02-21,984.4819696133043
2020-02-22,984.6012389561575
2020-02-23,984.7274399458641
2020-02-24,984.8610019516418
2020-02-25,985.0023543427086
2020-02-26,985.151926488282
2020-02-27,985.3101477575801
2020-02-28,985.4774475198207
2020-02-29,985.6542551442213
2020-03-01,985.8410000000001
2020-03-02,986.0379701073407
2020-03-03,986.2448880902894
2020-03-04,986.4613352238591
2020-03-05,986.6868927830621
2020-03-06,986.9211420429111
2020-03-07,987.1636642784184
2020-03-08,987.4140407645968
2020-03-09,987.6718527764584
2020-03-10,987.9366815890162
2020-03-11,988.2081084772823
2020-03-12,988.4857147162693
2020-03-13,988.7690815809897
2020-03-14,989.0577903464562
2020-03-15,989.351422287681
2020-03-16,989.6495586796768
2020-03-17,989.9517807974561
2020-03-18,990.2576699160314
2020-03-19,990.5668073104151
2020-03-20,990.87877425562
2020-03-21,991.1931520266581
2020-03-22,991.5095218985424
2020-03-23,991.8274651462851
2020-03-24,992.146563044899
2020-03-25,992.4663968693962
2020-03-26,992.7865478947897
2020-03-27,993.1065973960915
2020-03-28,993.4261266483145
2020-03-29,993.7447169264708
2020-03-30,994.0619495055735
2020-03-31,994.3774056606345
2020-04-01,994.6906666666667
2020-04-02,995.0014082230057
2020-04-03,995.3096837262786
2020-04-04,995.615640997437
2020-04-05,995.919427857431
2020-04-06,996.2211921272116
2020-04-07,996.5210816277296
2020-04-08,996.8192441799358
2020-04-09,997.1158276047809
2020-04-10,997.4109797232154
2020-04-11,997.7048483561904
2020-04-12,997.9975813246565
2020-04-13,998.2893264495647
2020-04-14,998.5802315518654
2020-04-15,998.8704444525093
2020-04-16,999.1601129724476
2020-04-17,999.4493849326307
2020-04-18,999.7384081540096
2020-04-19,1000.027330457535
2020-04-20,1000.316299664157
2020-04-21,1000.605463594828
2020-04-22,1000.894970070496
2020-04-23,1001.184966912115
2020-04-24,1001.475601940634
2020-04-25,1001.767022977003
2020-04-26,1002.059377842175
2020-04-27,1002.352814357099
2020-04-28,1002.647480342725
2020-04-29,1002.943523620006
2020-04-30,1003.241092009892
2020-05-01,1003.540333333333
2020-05-02,1003.841326158805
2020-05-03,1004.143872044878
2020-05-04,1004.447703297647
2020-05-05,1004.752552223208
2020-05-06,1005.058151127655
2020-05-07,1005.364232317084
2020-05-08,1005.67052809759
2020-05-09,1005.976770775268
2020-05-10,1006.282692656212
2020-05-11,1006.588026046519
2020-05-12,1006.892503252283
2020-05-13,1007.195856579599
2020-05-14,1007.497818334563
2020-05-15,1007.798120823269
2020-05-16,1008.096496351812
2020-05-17,1008.392677226288
2020-05-18,1008.686395752792
2020-05-19,1008.977384237418
2020-05-20,1009.265374986262
2020-05-21,1009.55010030542
2020-05-22,1009.831292500985
2020-05-23,1010.108683879053
2020-05-24,1010.38200674572
2020-05-25,1010.65099340708
2020-05-26,1010.915376169228
2020-05-27,1011.17488733826
2020-05-28,1011.429259220271
2020-05-29,1011.678224121355
2020-05-30,1011.921514347608
2020-05-31,1012.158862205124
2020-06-01,1012.39
2020-06-02,1012.614756012665
2020-06-03,1012.83334242089
2020-06-04,1013.046067376782
2020-06-05,1013.253239032446
2020-06-06,1013.45516553999
2020-06-07,1013.652155051519
2020-06-08,1013.844515719139
2020-06-09,1014.032555694957
2020-06-10,1014.216583131078
2020-06-11,1014.39690617961
2020-06-12,1014.573832992659
2020-06-13,1014.74767172233
2020-06-14,1014.91873052073
2020-06-15,1015.087317539965
2020-06-16,1015.253740932142
2020-06-17,1015.418308849366
2020-06-18,1015.581329443744
2020-06-19,1015.743110867382
2020-06-20,1015.903961272387
2020-06-21,1016.064188810864
2020-06-22,1016.22410163492
2020-06-23,1016.384007896661
2020-06-24,1016.544215748193
2020-06-25,1016.705033341623
2020-06-26,1016.866768829057
2020-06-27,1017.0297303626
2020-06-28,1017.19422609436
2020-06-29,1017.360564176443
2020-06-30,1017.529052760954
