date,daily_velocity,warning_level,warning_color
2016-07-02,0.19626700217111193,1,blue
2016-07-03,0.19634873394511487,1,blue
2016-07-04,0.19651219749334814,1,blue
2016-07-05,0.19675739281547067,1,blue
2016-07-06,0.1970843199118235,1,blue
2016-07-07,0.19749297878206562,1,blue
2016-07-08,0.19798336942642436,1,blue
2016-07-09,0.19855549184489973,1,blue
2016-07-10,0.19920934603749174,1,blue
2016-07-11,0.199944932003973,1,blue
2016-07-12,0.2007622497446846,2,yellow
2016-07-13,0.20166129925939913,2,yellow
2016-07-14,0.2026420805482303,2,yellow
2016-07-15,0.20370459361095072,2,yellow
2016-07-16,0.20484883844801516,2,yellow
2016-07-17,0.20607481505896885,2,yellow
2016-07-18,0.2073825234439255,2,yellow
2016-07-19,0.20877196360311245,2,yellow
2016-07-20,0.21024313553618867,2,yellow
2016-07-21,0.21179603924338153,2,yellow
2016-07-22,0.2134306747248047,2,yellow
2016-07-23,0.21514704198011714,2,yellow
2016-07-24,0.2169451410095462,2,yellow
2016-07-25,0.2188249718130919,2,yellow
2016-07-26,0.22078653439052687,2,yellow
2016-07-27,0.22282982874230584,2,yellow
2016-07-28,0.22495485486786038,2,yellow
2016-07-29,0.22716161276764524,2,yellow
2016-07-30,0.22945010244154673,2,yellow
2016-07-31,0.2318203238893375,2,yellow
2016-08-01,0.23427227711135856,2,yellow
2016-08-02,0.23672423033326595,2,yellow
2016-08-03,0.23884925645904787,2,yellow
2016-08-04,0.2405656237142466,2,yellow
2016-08-05,0.24187333209931694,2,yellow
2016-08-06,0.24277238161414516,2,yellow
2016-08-07,0.2432627722586176,2,yellow
2016-08-08,0.24334450403250685,2,yellow
2016-08-09,0.243017576936154,2,yellow
2016-08-10,0.24228199096978642,2,yellow
2016-08-11,0.241137746132722,2,yellow
2016-08-12,0.23958484242564282,2,yellow
2016-08-13,0.23762327984798048,2,yellow
2016-08-14,0.23525305840007604,2,yellow
2016-08-15,0.2324741780819295,2,yellow
2016-08-16,0.22928663889331347,2,yellow
2016-08-17,0.22569044083456902,2,yellow
2016-08-18,0.2216855839053551,2,yellow
2016-08-19,0.21727206810567168,2,yellow
2016-08-20,0.21244989343608722,2,yellow
2016-08-21,0.2072190598958059,2,yellow
2016-08-22,0.20157956748539618,2,yellow
2016-08-23,0.19553141620451697,1,blue
2016-08-24,0.18907460605339566,1,blue
2016-08-25,0.18220913703180486,1,blue
2016-08-26,0.17493500914019933,1,blue
2016-08-27,0.16725222237801063,1,blue
2016-08-28,0.15916077674557982,1,blue
2016-08-29,0.1506606722429069,1,blue
2016-08-30,0.14175190886976452,1,blue
2016-08-31,0.13243448662626633,1,blue
2016-09-01,0.12270840551263973,1,blue
2016-09-02,0.11271267751180858,1,blue
2016-09-03,0.10300335055740106,1,blue
2016-09-04,0.09371943663211368,0,green
2016-09-05,0.08486093573708331,0,green
2016-09-06,0.07642784787071832,0,green
2016-09-07,0.06842017303449666,0,green
2016-09-08,0.060837911227395125,0,green
2016-09-09,0.05368106245009585,0,green
2016-09-10,0.046949626702257774,0,green
2016-09-11,0.04064360398399458,0,green
2016-09-12,0.03476299429496521,0,green
2016-09-13,0.029307797635851784,0,green
2016-09-14,0.02427801400597218,0,green
2016-09-15,0.01967364340578115,0,green
2016-09-16,0.015494685835051314,0,green
2016-09-17,0.011741141293896362,0,green
2016-09-18,0.00841300978208892,0,green
2016-09-19,0.005510291299970049,0,green
2016-09-20,0.003032985847312375,0,green
2016-09-21,0.0009810934243432712,0,green
2016-09-22,-0.0006453859692783226,0,green
2016-09-23,-0.0018464523333250327,0,green
2016-09-24,-0.002622105667910546,0,green
2016-09-25,-0.0029723459729211754,0,green
2016-09-26,-0.0028971732483569212,0,green
2016-09-27,-0.0023965874943314702,0,green
2016-09-28,-0.0014705887108448223,0,green
2016-09-29,-0.0001191768975559171,0,green
2016-09-30,0.0016576479448531245,0,green
2016-10-01,0.0038598858170644235,0,green
2016-10-02,0.006398650144433304,0,green
2016-10-03,0.008918394630086368,0,green
2016-10-04,0.011330232699492626,0,green
2016-10-05,0.013634164352993139,0,green
2016-10-06,0.015830189590246846,0,green
2016-10-07,0.017918308411594808,0,green
2016-10-08,0.01989852081680965,0,green
2016-10-09,0.021770826805891375,0,green
2016-10-10,0.02353522637883998,0,green
2016-10-11,0.025191719535996526,0,green
2016-10-12,0.026740306276565207,0,green
2016-10-13,0.02818098660168289,0,green
2016-10-14,0.029513760510212705,0,green
2016-10-15,0.030738628002836776,0,green
2016-10-16,0.031855589079441415,0,green
2016-10-17,0.03286464374002662,0,green
2016-10-18,0.03376579198425134,0,green
2016-10-19,0.034559033812570306,0,green
2016-10-20,0.03524436922498353,0,green
2016-10-21,0.03582179822103626,0,green
2016-10-22,0.03629132080118325,0,green
2016-10-23,0.03665293696508343,0,green
2016-10-24,0.03690664671319155,0,green
2016-10-25,0.03705245004482549,0,green
2016-10-26,0.037090346960667375,0,green
2016-10-27,0.03702033746048983,0,green
2016-10-28,0.03684242154395179,0,green
2016-10-29,0.036556599211508,0,green
2016-10-30,0.03616287046315847,0,green
2016-10-31,0.03566123529822107,0,green
2016-11-01,0.03505169371771899,0,green
2016-11-02,0.034369311221325916,0,green
2016-11-03,0.033754349811715656,0,green
2016-11-04,0.033241874988902964,0,green
2016-11-05,0.0328318867532289,0,green
2016-11-06,0.032524385104352405,0,green
2016-11-07,0.032319370042728224,0,green
2016-11-08,0.03221684156790161,0,green
2016-11-09,0.03221679968032731,0,green
2016-11-10,0.032319244379777956,0,green
2016-11-11,0.03252417566591248,0,green
2016-11-12,0.032831593539413007,0,green
2016-11-13,0.0332414979997111,0,green
2016-11-14,0.033753889047034136,0,green
2016-11-15,0.0343687666814958,0,green
2016-11-16,0.03508613090286872,0,green
2016-11-17,0.03590598171126658,0,green
2016-11-18,0.03682831910657569,0,green
2016-11-19,0.03785314308925081,0,green
2016-11-20,0.038980453658609804,0,green
2016-11-21,0.04021025081510743,0,green
2016-11-22,0.04154253455851631,0,green
2016-11-23,0.0429773048891775,0,green
2016-11-24,0.04451456180640889,0,green
2016-11-25,0.04615430531100628,0,green
2016-11-26,0.0478965354027423,0,green
2016-11-27,0.049741252081048515,0,green
2016-11-28,0.05168845534672073,0,green
2016-11-29,0.0537381451993042,0,green
2016-11-30,0.05589032163879892,0,green
2016-12-01,0.058144984665432276,0,green
2016-12-02,0.06042491943094319,0,green
2016-12-03,0.06242126654353797,0,green
2016-12-04,0.06405681115461448,0,green
2016-12-05,0.06533155326462747,0,green
2016-12-06,0.06624549287323589,0,green
2016-12-07,0.06679862998078079,0,green
2016-12-08,0.06699096458714848,0,green
2016-12-09,0.06682249669222529,0,green
2016-12-10,0.06629322629623857,0,green
2016-12-11,0.06540315339884728,0,green
2016-12-12,0.06415227800027878,0,green
2016-12-13,0.06254060010064677,0,green
2016-12-14,0.06056811969961018,0,green
2016-12-15,0.05823483679739638,0,green
2016-12-16,0.05554075139411907,0,green
2016-12-17,0.05248586348932349,0,green
2016-12-18,0.04907017308369177,0,green
2016-12-19,0.04529368017665547,0,green
2016-12-20,0.04115638476821459,0,green
2016-12-21,0.03665828685893757,0,green
2016-12-22,0.031799386448142286,0,green
2016-12-23,0.026579683536283483,0,green
2016-12-24,0.020999178123133788,0,green
2016-12-25,0.015057870208920576,0,green
2016-12-26,0.008755759793302786,0,green
2016-12-27,0.002092846876621479,0,green
2016-12-28,-0.004930868541464406,0,green
2016-12-29,-0.012315386460500122,0,green
2016-12-30,-0.020060706880940415,0,green
2016-12-31,-0.028166829802444227,0,green
2017-01-01,-0.0366337552254663,0,green
2017-01-02,-0.045176717732488214,0,green
2017-01-03,-0.052656655656392104,0,green
2017-01-04,-0.058788803580000604,0,green
2017-01-05,-0.06357316150320003,0,green
2017-01-06,-0.0670097294265588,0,green
2017-01-07,-0.06909850734939482,0,green
2017-01-08,-0.0698394952723902,0,green
2017-01-09,-0.06923269319474912,0,green
2017-01-10,-0.0672781011172674,0,green
2017-01-11,-0.06397571903926291,0,green
2017-01-12,-0.05932554696119041,0,green
2017-01-13,-0.05332758488293621,0,green
2017-01-14,-0.04598183280438661,0,green
2017-01-15,-0.037288290725655315,0,green
2017-01-16,-0.027246958646856,0,green
2017-01-17,-0.015857836567533923,0,green
2017-01-18,-0.003120924488257515,0,green
2017-01-19,0.010963777591314283,0,green
2017-01-20,0.02639626967118147,0,green
2017-01-21,0.04317655175100299,0,green
2017-01-22,0.061304623831233584,0,green
2017-01-23,0.08078048591175957,0,green
2017-01-24,0.10160413799223988,1,blue
2017-01-25,0.12377558007312928,1,blue
2017-01-26,0.14729481215420037,1,blue
2017-01-27,0.17216183423545317,1,blue
2017-01-28,0.19837664631688767,1,blue
2017-01-29,0.22593924839861756,2,yellow
2017-01-30,0.25484964048052916,2,yellow
2017-01-31,0.28510782256273615,2,yellow
2017-02-01,0.31671379464489746,3,orange
2017-02-02,0.3491822840879877,3,orange
2017-02-03,0.380572200333404,3,orange
2017-02-04,0.4103982707420073,3,orange
2017-02-05,0.4386604953137976,3,orange
2017-02-06,0.4653588740483201,3,orange
2017-02-07,0.49049340694580223,3,orange
2017-02-08,0.514064094006585,4,red
2017-02-09,0.5360709352301001,4,red
2017-02-10,0.5565139306169158,4,red
2017-02-11,0.5753930801666911,4,red
2017-02-12,0.5927083838793124,4,red
2017-02-13,0.6084598417550069,4,red
2017-02-14,0.6226474537938884,4,red
2017-02-15,0.6352712199956159,4,red
2017-02-16,0.6463311403604166,4,red
2017-02-17,0.6558272148882907,4,red
2017-02-18,0.663759443579238,4,red
2017-02-19,0.6701278264329176,4,red
2017-02-20,0.6749323634498978,4,red
2017-02-21,0.678173054629724,4,red
2017-02-22,0.6798498999727371,4,red
2017-02-23,0.6799628994787099,4,red
2017-02-24,0.6785120531475286,4,red
2017-02-25,0.6754973609797617,4,red
2017-02-26,0.6709188229746132,4,red
2017-02-27,0.6647764391326518,4,red
2017-02-28,0.65707020945365,4,red
2017-03-01,0.6478001339377215,4,red
2017-03-02,0.6372873776857659,4,red
2017-03-03,0.6268166011019503,4,red
2017-03-04,0.6167089692869467,4,red
2017-03-05,0.6069644822410964,4,red
2017-03-06,0.5975831399639446,4,red
2017-03-07,0.5885649424560597,4,red
2017-03-08,0.579909889716987,4,red
2017-03-09,0.5716179817471811,4,red
2017-03-10,0.5636892185460738,4,red
2017-03-11,0.556123600114006,4,red
2017-03-12,0.5489211264509777,4,red
2017-03-13,0.5420817975569889,4,red
2017-03-14,0.535605613431926,4,red
2017-03-15,0.529492574075789,4,red
2017-03-16,0.5237426794885778,4,red
2017-03-17,0.5183559296706335,4,red
2017-03-18,0.5133323246215014,4,red
2017-03-19,0.5086718643414088,4,red
2017-03-20,0.504374548830242,4,red
2017-03-21,0.5004403780881148,4,red
2017-03-22,0.49686935211479977,3,orange
2017-03-23,0.49366147091075163,3,orange
2017-03-24,0.49081673447562935,3,orange
2017-03-25,0.4883351428093192,3,orange
2017-03-26,0.48621669591193495,3,orange
2017-03-27,0.48446139378393127,3,orange
2017-03-28,0.48306923642473976,3,orange
2017-03-29,0.4820402238344741,3,orange
2017-03-30,0.4813743560131343,3,orange
2017-03-31,0.481071632960834,3,orange
2017-04-01,0.48113205467757325,3,orange
2017-04-02,0.4815651055166654,3,orange
2017-04-03,0.48240872289147774,3,orange
2017-04-04,0.48367239115532357,3,orange
2017-04-05,0.4853561103083166,3,orange
2017-04-06,0.4874598803506842,3,orange
2017-04-07,0.4899837012817443,3,orange
2017-04-08,0.49292757310217894,3,orange
2017-04-09,0.4962914958116471,3,orange
2017-04-10,0.5000754694102625,4,red
2017-04-11,0.5042794938979114,4,red
2017-04-12,0.5089035692747075,4,red
2017-04-13,0.5139476955407645,4,red
2017-04-14,0.5194118726956276,4,red
2017-04-15,0.5252961007397516,4,red
2017-04-16,0.5316003796732502,4,red
2017-04-17,0.5383247094953276,4,red
2017-04-18,0.545469090207007,4,red
2017-04-19,0.5530335218076061,4,red
2017-04-20,0.5610180042972388,4,red
2017-04-21,0.5694225376760187,4,red
2017-04-22,0.5782471219439458,4,red
2017-04-23,0.5874917571011338,4,red
2017-04-24,0.5971564431471279,4,red
2017-04-25,0.6072411800822692,4,red
2017-04-26,0.6177459679068988,4,red
2017-04-27,0.6286708066202209,4,red
2017-04-28,0.6400156962229175,4,red
2017-04-29,0.651780636714534,4,red
2017-04-30,0.6639656280955251,4,red
2017-05-01,0.6765706703652086,4,red
2017-05-02,0.6894663925935447,4,red
2017-05-03,0.7021353110573045,4,red
2017-05-04,0.7144480548253114,4,red
2017-05-05,0.72640462389802,4,red
2017-05-06,0.7380050182754303,4,red
2017-05-07,0.749249237957315,4,red
2017-05-08,0.7601372829435604,4,red
2017-05-09,0.770669153234735,4,red
2017-05-10,0.7808448488302702,4,red
2017-05-11,0.7906643697303934,4,red
2017-05-12,0.8001277159351048,4,red
2017-05-13,0.8092348874442905,4,red
2017-05-14,0.817985884258178,4,red
2017-05-15,0.8263807063766535,4,red
2017-05-16,0.8344193537994897,4,red
2017-05-17,0.8421018265270277,4,red
2017-05-18,0.8494281245591537,4,red
2017-05-19,0.8563982478957541,4,red
2017-05-20,0.8630121965369426,4,red
2017-05-21,0.8692699704828328,4,red
2017-05-22,0.8751715697331974,4,red
2017-05-23,0.8807169942881501,4,red
2017-05-24,0.8859062441474634,4,red
2017-05-25,0.8907393193115922,4,red
2017-05-26,0.8952162197801954,4,red
2017-05-27,0.8993369455535003,4,red
2017-05-28,0.9031014966311659,4,red
2017-05-29,0.9065098730134196,4,red
2017-05-30,0.909562074700375,4,red
2017-05-31,0.9122581016919185,4,red
2017-06-01,0.9145979539877089,4,red
2017-06-02,0.9165410447940303,4,red
2017-06-03,0.9179250269330623,4,red
2017-06-04,0.9187093136101794,4,red
2017-06-05,0.9188939048259499,4,red
2017-06-06,0.9184788005799192,4,red
2017-06-07,0.9174640008723145,4,red
2017-06-08,0.9158495057030223,4,red
2017-06-09,0.9136353150721561,4,red
2017-06-10,0.9108214289797161,4,red
2017-06-11,0.9074078474253611,4,red
2017-06-12,0.9033945704096595,4,red
2017-06-13,0.8987815979321567,4,red
2017-06-14,0.8935689299929663,4,red
2017-06-15,0.8877565665923157,4,red
2017-06-16,0.8813445077298638,4,red
2017-06-17,0.874332753405838,4,red
2017-06-18,0.866721303620352,4,red
2017-06-19,0.8585101583728374,4,red
2017-06-20,0.8496993176639762,4,red
2017-06-21,0.8402887814934275,4,red
2017-06-22,0.8302785498611911,4,red
2017-06-23,0.8196686227672672,4,red
2017-06-24,0.8084590002117693,4,red
2017-06-25,0.7966496821945839,4,red
2017-06-26,0.7842406687159382,4,red
2017-06-27,0.7712319597753776,4,red
2017-06-28,0.7576235553734705,4,red
2017-06-29,0.7434154555097621,4,red
2017-06-30,0.7286076601842524,4,red
2017-07-01,0.7132001693972825,4,red
2017-07-02,0.6973915055867792,4,red
2017-07-03,0.6819757585045636,4,red
2017-07-04,0.6671514505889036,4,red
2017-07-05,0.6529185818396854,4,red
2017-07-06,0.6392771522571365,4,red
2017-07-07,0.6262271618408022,4,red
2017-07-08,0.6137686105910234,4,red
2017-07-09,0.6019014985079139,4,red
2017-07-10,0.5906258255911325,4,red
2017-07-11,0.5799415918407931,4,red
2017-07-12,0.5698487972570092,4,red
2017-07-13,0.5603474418397809,4,red
2017-07-14,0.5514375255888808,4,red
2017-07-15,0.5431190485044226,4,red
2017-07-16,0.5353920105866337,4,red
2017-07-17,0.5282564118354003,4,red
2017-07-18,0.5217122522503814,4,red
2017-07-19,0.5157595318319181,4,red
2017-07-20,0.5103982505801241,4,red
2017-07-21,0.5056284084945446,4,red
2017-07-22,0.5014500055756343,4,red
2017-07-23,0.4978630418232797,3,orange
2017-07-24,0.4948675172371395,3,orange
2017-07-25,0.4924634318176686,3,orange
2017-07-26,0.4906507855647533,3,orange
2017-07-27,0.4894295784779388,3,orange
2017-07-28,0.4887998105579072,3,orange
2017-07-29,0.48876148180443124,3,orange
2017-07-30,0.48931459221739715,3,orange
2017-07-31,0.49045914179680494,3,orange
2017-08-01,0.49219513054254094,3,orange
2017-08-02,0.49444748013524986,3,orange
2017-08-03,0.4969158772953506,3,orange
2017-08-04,0.4995252437039426,3,orange
2017-08-05,0.502275579359889,4,red
2017-08-06,0.505166884264213,4,red
2017-08-07,0.5081991584165735,4,red
2017-08-08,0.5113724018162884,4,red
2017-08-09,0.5146866144648357,4,red
2017-08-10,0.5181417963606236,4,red
2017-08-11,0.5217379475046755,4,red
2017-08-12,0.5254750678967639,4,red
2017-08-13,0.5293531575365478,4,red
2017-08-14,0.5333722164245955,4,red
2017-08-15,0.5375322445605661,4,red
2017-08-16,0.5418332419441185,4,red
2017-08-17,0.5462752085761622,4,red
2017-08-18,0.5508581444559013,4,red
2017-08-19,0.5555820495835633,4,red
2017-08-20,0.5604469239592618,4,red
2017-08-21,0.5654527675828831,4,red
2017-08-22,0.570599580454541,4,red
2017-08-23,0.5758873625742353,4,red
2017-08-24,0.5813161139416252,4,red
2017-08-25,0.5868858345572789,4,red
2017-08-26,0.5925965244206282,4,red
2017-08-27,0.5984481835321276,4,red
2017-08-28,0.6044408118915499,4,red
2017-08-29,0.610574409498895,4,red
2017-08-30,0.6168489763541629,4,red
2017-08-31,0.6232645124574674,4,red
2017-09-01,0.6298210178088084,4,red
2017-09-02,0.6363135561242643,4,red
2017-09-03,0.641922382269513,4,red
2017-09-04,0.6464425599606329,4,red
2017-09-05,0.6498740891975103,4,red
2017-09-06,0.6522169699803726,4,red
2017-09-07,0.6534712023093334,4,red
2017-09-08,0.6536367861840517,4,red
2017-09-09,0.6527137216048686,4,red
2017-09-10,0.650702008571443,4,red
2017-09-11,0.6476016470841159,4,red
2017-09-12,0.6434126371424327,4,red
2017-09-13,0.6381349787469617,4,red
2017-09-14,0.6317686718973619,4,red
2017-09-15,0.6243137165934058,4,red
2017-09-16,0.6157701128357758,4,red
2017-09-17,0.6061378606239032,4,red
2017-09-18,0.5954169599580155,4,red
2017-09-19,0.5836074108379989,4,red
2017-09-20,0.5707092132637399,4,red
2017-09-21,0.5567223672356931,4,red
2017-09-22,0.5416468727535175,4,red
2017-09-23,0.5254827298170994,4,red
2017-09-24,0.5082299384266662,4,red
2017-09-25,0.4898884985824452,3,orange
2017-09-26,0.47045841028375435,3,orange
2017-09-27,0.44993967353104836,3,orange
2017-09-28,0.4283322883246683,3,orange
2017-09-29,0.40563625466381836,3,orange
2017-09-30,0.3818515725488396,3,orange
2017-10-01,0.3569782419800731,3,orange
2017-10-02,0.33137711620452137,3,orange
2017-10-03,0.3064916082117861,3,orange
2017-10-04,0.2826825712492109,2,yellow
2017-10-05,0.25995000531713686,2,yellow
2017-10-06,0.23829391041510917,2,yellow
2017-10-07,0.21771428654312786,2,yellow
2017-10-08,0.19821113370198873,1,blue
2017-10-09,0.17978445189044123,1,blue
2017-10-10,0.16243424110950855,1,blue
2017-10-11,0.14616050135884961,1,blue
2017-10-12,0.13096323263823706,1,blue
2017-10-13,0.11684243494801194,1,blue
2017-10-14,0.1037981082878332,1,blue
2017-10-15,0.0918302526580419,0,green
2017-10-16,0.08093886805852435,0,green
2017-10-17,0.07112395448916686,0,green
2017-10-18,0.062385511950196815,0,green
2017-10-19,0.054723540441273144,0,green
2017-10-20,0.04813803996273691,0,green
2017-10-21,0.04262901051436074,0,green
2017-10-22,0.038196452096258326,0,green
2017-10-23,0.03484036470842966,0,green
2017-10-24,0.032560748350874746,0,green
2017-10-25,0.03135760302336621,0,green
2017-10-26,0.03123092872624511,0,green
2017-10-27,0.03218072545939776,0,green
2017-10-28,0.03420699322259679,0,green
2017-10-29,0.037309732016410635,0,green
2017-10-30,0.041488941840270854,0,green
2017-10-31,0.046744622694063764,0,green
2017-11-01,0.05307677457869886,0,green
2017-11-02,0.06025071662259052,0,green
2017-11-03,0.06732772534348896,0,green
2017-11-04,0.07407311987128651,0,green
2017-11-05,0.08048690020495997,0,green
2017-11-06,0.08656906634575989,0,green
2017-11-07,0.09231961829254942,0,green
2017-11-08,0.09773855604623805,0,green
2017-11-09,0.10282587960602996,1,blue
2017-11-10,0.10758158897260728,1,blue
2017-11-11,0.11200568414540157,1,blue
2017-11-12,0.11609816512498128,1,blue
2017-11-13,0.11985903191077796,1,blue
2017-11-14,0.12328828450336005,1,blue
2017-11-15,0.12638592290204542,1,blue
2017-11-16,0.1291519471075162,1,blue
2017-11-17,0.13158635711920397,1,blue
2017-11-18,0.13368915293779082,1,blue
2017-11-19,0.13546033456248097,1,blue
2017-11-20,0.13689990199384283,1,blue
2017-11-21,0.13800785523164905,1,blue
2017-11-22,0.1387841942760133,1,blue
2017-11-23,0.13922891912659452,1,blue
2017-11-24,0.13934202978396115,1,blue
2017-11-25,0.13912352624754476,1,blue
2017-11-26,0.13857340851802746,1,blue
2017-11-27,0.13769167659461345,1,blue
2017-11-28,0.13647833047787117,1,blue
2017-11-29,0.13493337016745954,1,blue
2017-11-30,0.13305679566360595,1,blue
2017-12-01,0.13084860696642409,1,blue
2017-12-02,0.12838895944071282,1,blue
2017-12-03,0.125998474547373,1,blue
2017-12-04,0.12375730765199933,1,blue
2017-12-05,0.12166545875390966,1,blue
2017-12-06,0.11972292785344507,1,blue
2017-12-07,0.11792971495083293,1,blue
2017-12-08,0.11628582004584587,1,blue
2017-12-09,0.11479124313848388,1,blue
2017-12-10,0.11344598422851959,1,blue
2017-12-11,0.11225004331640775,1,blue
2017-12-12,0.1112034204018073,1,blue
2017-12-13,0.11030611548494562,1,blue
2017-12-14,0.10955812856570901,1,blue
2017-12-15,0.10895945964409748,1,blue
2017-12-16,0.10851010871999733,1,blue
2017-12-17,0.10821007579352226,1,blue
2017-12-18,0.10805936086501333,1,blue
2017-12-19,0.1080579639339021,1,blue
2017-12-20,0.10820588500018857,1,blue
2017-12-21,0.10850312406444118,1,blue
2017-12-22,0.10894968112620518,1,blue
2017-12-23,0.10954555618559425,1,blue
2017-12-24,0.11029074924283577,1,blue
2017-12-25,0.11118526029736131,1,blue
2017-12-26,0.11222908934962561,1,blue
2017-12-27,0.11342223639962867,1,blue
2017-12-28,0.11476470144714312,1,blue
2017-12-29,0.11625648449251003,1,blue
2017-12-30,0.11789758553516094,1,blue
2017-12-31,0.11968800457566431,1,blue
2018-01-01,0.12162774161379275,1,blue
2018-01-02,0.12364941896646542,1,blue
2018-01-03,0.1254835259015863,1,blue
2018-01-04,0.12706268473561977,1,blue
2018-01-05,0.12838689546924797,1,blue
2018-01-06,0.12945615810224353,1,blue
2018-01-07,0.1302704726342654,1,blue
2018-01-08,0.13082983906576828,1,blue
2018-01-09,0.13113425739641116,1,blue
2018-01-10,0.131183727626194,1,blue
2018-01-11,0.13097824975568528,1,blue
2018-01-12,0.13051782378408916,1,blue
2018-01-13,0.12980244971197408,1,blue
2018-01-14,0.12883212753899898,1,blue
2018-01-15,0.1276068572655049,1,blue
2018-01-16,0.12612663889080977,1,blue
2018-01-17,0.12439147241605042,1,blue
2018-01-18,0.12240135784008999,1,blue
2018-01-19,0.1201562951636106,1,blue
2018-01-20,0.11765628438638487,1,blue
2018-01-21,0.11490132550841281,1,blue
2018-01-22,0.11189141852958073,1,blue
2018-01-23,0.10862656345034338,1,blue
2018-01-24,0.10510676027024601,1,blue
2018-01-25,0.10133200898940231,1,blue
2018-01-26,0.09730230960769859,0,green
2018-01-27,0.09301766212547591,0,green
2018-01-28,0.08847806654239321,0,green
2018-01-29,0.08368352285879155,0,green
2018-01-30,0.07863403107432987,0,green
2018-01-31,0.07332959118912186,0,green
2018-02-01,0.0677702032032812,0,green
2018-02-02,0.062180659168461716,0,green
2018-02-03,0.0574601272920745,0,green
2018-02-04,0.05383339962577338,0,green
2018-02-05,0.05130047616955835,0,green
2018-02-06,0.04986135692388416,0,green
2018-02-07,0.04951604188829606,0,green
2018-02-08,0.05026453106279405,0,green
2018-02-09,0.05210682444737813,0,green
2018-02-10,0.05504292204227568,0,green
2018-02-11,0.059072823847259315,0,green
2018-02-12,0.06419652986255642,0,green
2018-02-13,0.07041404008816698,0,green
2018-02-14,0.07772535452363627,0,green
2018-02-15,0.0861304731695327,0,green
2018-02-16,0.09562939602551523,0,green
2018-02-17,0.10622212309158385,1,blue
2018-02-18,0.11790865436807962,1,blue
2018-02-19,0.13068898985477517,1,blue
2018-02-20,0.14456312955132944,1,blue
2018-02-21,0.15953107345831086,1,blue
2018-02-22,0.17559282157549205,1,blue
2018-02-23,0.19274837390275934,1,blue
2018-02-24,0.2109977304402264,2,yellow
2018-02-25,0.23034089118789325,2,yellow
2018-02-26,0.25077785614587356,2,yellow
2018-02-27,0.27230862531382627,2,yellow
2018-02-28,0.29493319869220613,2,yellow
2018-03-01,0.3186515762804447,3,orange
2018-03-02,0.34311125866929615,3,orange
2018-03-03,0.3669022482188211,3,orange
2018-03-04,0.38967204551966006,3,orange
2018-03-05,0.4114206505710172,3,orange
2018-03-06,0.4321480633735746,3,orange
2018-03-07,0.4518542839271049,3,orange
2018-03-08,0.47053931223183554,3,orange
2018-03-09,0.4882031482873117,3,orange
2018-03-10,0.5048457920937608,4,red
2018-03-11,0.5204672436511828,4,red
2018-03-12,0.5350675029596914,4,red
2018-03-13,0.5486465700192866,4,red
2018-03-14,0.5612044448296274,4,red
2018-03-15,0.5727411273911684,4,red
2018-03-16,0.5832566177035687,4,red
2018-03-17,0.5927509157669419,4,red
2018-03-18,0.6012240215814018,4,red
2018-03-19,0.6086759351468345,4,red
2018-03-20,0.6151066564631265,4,red
2018-03-21,0.620516185530505,4,red
2018-03-22,0.6249045223488565,4,red
2018-03-23,0.6282716669182946,4,red
2018-03-24,0.6306176192385919,4,red
2018-03-25,0.6319423793097485,4,red
2018-03-26,0.632245947132219,4,red
2018-03-27,0.6315283227054351,4,red
2018-03-28,0.6297895060297378,4,red
2018-03-29,0.6270294971050134,4,red
2018-03-30,0.6232482959311483,4,red
2018-03-31,0.6184459025085971,4,red
2018-04-01,0.6126223168366778,4,red
2018-04-02,0.6060184060042957,4,red
2018-04-03,0.5995976383650259,4,red
2018-04-04,0.5936008810074327,4,red
2018-04-05,0.5880281339310613,4,red
2018-04-06,0.5828793971362529,4,red
2018-04-07,0.5781546706231211,4,red
2018-04-08,0.5738539543914385,4,red
2018-04-09,0.5699772484412051,4,red
2018-04-10,0.5665245527725347,4,red
2018-04-11,0.5634958673854271,4,red
2018-04-12,0.5608911922797688,4,red
2018-04-13,0.5587105274556734,4,red
2018-04-14,0.5569538729130272,4,red
2018-04-15,0.5556212286520577,4,red
2018-04-16,0.5547125946724236,4,red
2018-04-17,0.5542279709743525,4,red
2018-04-18,0.554167357557958,4,red
2018-04-19,0.5545307544227853,4,red
2018-04-20,0.5553181615692893,4,red
2018-04-21,0.5565295789973561,4,red
2018-04-22,0.5581650067068722,4,red
2018-04-23,0.5602244446978375,4,red
2018-04-24,0.5627078929704794,4,red
2018-04-25,0.5656153515246842,4,red
2018-04-26,0.5689468203599972,4,red
2018-04-27,0.5727022994773279,4,red
2018-04-28,0.5768817888758804,4,red
2018-04-29,0.5814852885559958,4,red
2018-04-30,0.5865127985176741,4,red
2018-05-01,0.5919643187608017,4,red
2018-05-02,0.5976297439510745,4,red
2018-05-03,0.6026686527507081,4,red
2018-05-04,0.606870939825285,4,red
2018-05-05,0.6102366051745776,4,red
2018-05-06,0.612765648798927,4,red
2018-05-07,0.614458070698106,4,red
2018-05-08,0.6153138708723418,4,red
2018-05-09,0.6153330493212934,4,red
2018-05-10,0.6145156060451882,4,red
2018-05-11,0.6128615410439124,4,red
2018-05-12,0.6103708543179209,4,red
2018-05-13,0.6070435458665315,4,red
2018-05-14,0.6028796156900853,4,red
2018-05-15,0.5978790637885822,4,red
2018-05-16,0.5920418901619087,4,red
2018-05-17,0.5853680948101783,4,red
2018-05-18,0.5778576777332773,4,red
2018-05-19,0.569510638931547,4,red
2018-05-20,0.5603269784045324,4,red
2018-05-21,0.550306696152461,4,red
2018-05-22,0.539449792175219,4,red
2018-05-23,0.5277562664729203,4,red
2018-05-24,0.5152261190455647,4,red
2018-05-25,0.5018593498931523,4,red
2018-05-26,0.487655959015342,3,orange
2018-05-27,0.4726159464129296,3,orange
2018-05-28,0.456739312085233,3,orange
2018-05-29,0.4400260560322522,3,orange
2018-05-30,0.42247617825432826,3,orange
2018-05-31,0.4040896787514612,3,orange
2018-06-01,0.3848665575231962,3,orange
2018-06-02,0.3650824466095628,3,orange
2018-06-03,0.34583987416874606,3,orange
2018-06-04,0.32741447224020703,3,orange
2018-06-05,0.3098062408241731,3,orange
2018-06-06,0.29301517992018944,2,yellow
2018-06-07,0.27704128952882456,2,yellow
2018-06-08,0.2618845696497374,2,yellow
2018-06-09,0.2475450202829279,2,yellow
2018-06-10,0.2340226414286235,2,yellow
2018-06-11,0.2213174330864831,2,yellow
2018-06-12,0.20942939525696147,2,yellow
2018-06-13,0.19835852793949016,1,blue
2018-06-14,0.1881048311346376,1,blue
2018-06-15,0.17866830484194907,1,blue
2018-06-16,0.17004894906153822,1,blue
2018-06-17,0.16224676379374614,1,blue
2018-06-18,0.15526174903834544,1,blue
2018-06-19,0.14909390479488138,1,blue
2018-06-20,0.14374323106403608,1,blue
2018-06-21,0.13920972784558217,1,blue
2018-06-22,0.13549339513951963,1,blue
2018-06-23,0.13259423294562112,1,blue
2018-06-24,0.13051224126411398,1,blue
2018-06-25,0.1292474200952256,1,blue
2018-06-26,0.12879976943838756,1,blue
2018-06-27,0.12916928929405458,1,blue
2018-06-28,0.1303559796618856,1,blue
2018-06-29,0.1323598405423354,1,blue
2018-06-30,0.1351808719349492,1,blue
2018-07-01,0.1388190738399544,1,blue
2018-07-02,0.14311779642753208,1,blue
2018-07-03,0.1474504403777246,1,blue
2018-07-04,0.1516603558608267,1,blue
2018-07-05,0.1557475428772932,1,blue
2018-07-06,0.15971200142621456,1,blue
2018-07-07,0.1635537315083866,1,blue
2018-07-08,0.16727273312324087,1,blue
2018-07-09,0.17086900627123214,1,blue
2018-07-10,0.17434255095190565,1,blue
2018-07-11,0.17769336716560247,1,blue
2018-07-12,0.18092145491243627,1,blue
2018-07-13,0.1840268141921797,1,blue
2018-07-14,0.18700944500449168,1,blue
2018-07-15,0.18986934735005434,1,blue
2018-07-16,0.19260652122829924,1,blue
2018-07-17,0.1952209666399085,1,blue
2018-07-18,0.19771268358397265,1,blue
2018-07-19,0.20008167206128746,2,yellow
2018-07-20,0.20232793207128452,2,yellow
2018-07-21,0.20445146361441857,2,yellow
2018-07-22,0.20645226669046224,2,yellow
2018-07-23,0.20833034129930184,2,yellow
2018-07-24,0.21008568744116474,2,yellow
2018-07-25,0.21171830511593726,2,yellow
2018-07-26,0.2132281943236194,2,yellow
2018-07-27,0.21461535506421114,2,yellow
2018-07-28,0.2158797873379399,2,yellow
2018-07-29,0.21702149114446456,2,yellow
2018-07-30,0.21804046648367148,2,yellow
2018-07-31,0.21893671335624276,2,yellow
2018-08-01,0.2197102317613826,2,yellow
2018-08-02,0.22034002847578904,2,yellow
2018-08-03,0.2207421306040942,2,yellow
2018-08-04,0.22089554492254138,2,yellow
2018-08-05,0.2208002714307895,2,yellow
2018-08-06,0.22045631012917966,2,yellow
2018-08-07,0.21986366101771182,2,yellow
2018-08-08,0.21902232409604494,2,yellow
2018-08-09,0.21793229936486114,2,yellow
2018-08-10,0.2165935868234783,2,yellow
2018-08-11,0.2150061864718964,2,yellow
2018-08-12,0.21317009831079758,2,yellow
2018-08-13,0.21108532233938604,2,yellow
2018-08-14,0.20875185855845757,2,yellow
2018-08-15,0.20616970696721637,2,yellow
2018-08-16,0.2033388675660035,2,yellow
2018-08-17,0.20025934035504633,2,yellow
2018-08-18,0.1969311253341175,1,blue
2018-08-19,0.19335422250298961,1,blue
2018-08-20,0.18952863186223112,1,blue
2018-08-21,0.1854543534112736,1,blue
2018-08-22,0.18113138715057175,1,blue
2018-08-23,0.17655973307989825,1,blue
2018-08-24,0.1717393911990257,1,blue
2018-08-25,0.16667036150840886,1,blue
2018-08-26,0.16135264400782034,1,blue
2018-08-27,0.15578623869726016,1,blue
2018-08-28,0.149971145576842,1,blue
2018-08-29,0.14390736464622478,1,blue
2018-08-30,0.13759489590597695,1,blue
2018-08-31,0.1310337393555301,1,blue
2018-09-01,0.12422389499522524,1,blue
2018-09-02,0.11725585735518962,1,blue
2018-09-03,0.1104916045559321,1,blue
2018-09-04,0.10402163112826202,1,blue
2018-09-05,0.09784593707126987,0,green
2018-09-06,0.09196452238597885,0,green
2018-09-07,0.08637738707136577,0,green
2018-09-08,0.08108453112811276,0,green
2018-09-09,0.07608595455610612,0,green
2018-09-10,0.07138165735511848,0,green
2018-09-11,0.06697163952560459,0,green
2018-09-12,0.06285590106676864,0,green
2018-09-13,0.059034441979520125,0,green
2018-09-14,0.0555072622634043,0,green
2018-09-15,0.05227436191819379,0,green
2018-09-16,0.04933574094434334,0,green
2018-09-17,0.046691399341625583,0,green
2018-09-18,0.04434133711004051,0,green
2018-09-19,0.042285554249815505,0,green
2018-09-20,0.040524050760382124,0,green
2018-09-21,0.03905682664253618,0,green
2018-09-22,0.03788388189559555,0,green
2018-09-23,0.03700521652001498,0,green
2018-09-24,0.03642083051533973,0,green
2018-09-25,0.03613072388202454,0,green
2018-09-26,0.036134896619955725,0,green
2018-09-27,0.036433348728792225,0,green
2018-09-28,0.037026080209102474,0,green
2018-09-29,0.03791309106020435,0,green
2018-09-30,0.03909438128300735,0,green
2018-10-01,0.04056995087648829,0,green
2018-10-02,0.04227853505517487,0,green
2018-10-03,0.04397507467410833,0,green
2018-10-04,0.0455983049474753,0,green
2018-10-05,0.04714822587470735,0,green
2018-10-06,0.048624837456031855,0,green
2018-10-07,0.050028139691789875,0,green
2018-10-08,0.05135813258164035,0,green
2018-10-09,0.05261481612546959,0,green
2018-10-10,0.05379819032384603,0,green
2018-10-11,0.05490825517574649,0,green
2018-10-12,0.05594501068253521,0,green
2018-10-13,0.05690845684307533,0,green
2018-10-14,0.0577985936577079,0,green
2018-10-15,0.05861542112688767,0,green
2018-10-16,0.05935893924981883,0,green
2018-10-17,0.06002914802706982,0,green
2018-10-18,0.06062604745841327,0,green
2018-10-19,0.06114963754419023,0,green
2018-10-20,0.06159991828371858,0,green
2018-10-21,0.06197688967790782,0,green
2018-10-22,0.06228055172573477,0,green
2018-10-23,0.06251090442799523,0,green
2018-10-24,0.06266794778446183,0,green
2018-10-25,0.06275168179502089,0,green
2018-10-26,0.06276210645955871,0,green
2018-10-27,0.06269922177853005,0,green
2018-10-28,0.06256302775148015,0,green
2018-10-29,0.06235352437875008,0,green
2018-10-30,0.06207071166033984,0,green
2018-10-31,0.06171458959545362,0,green
2018-11-01,0.06128515818534197,0,green
2018-11-02,0.06080074132603386,0,green
2018-11-03,0.06033463460516941,0,green
2018-11-04,0.05990516191991446,0,green
2018-11-05,0.059512323270041634,0,green
2018-11-06,0.05915611865543724,0,green
2018-11-07,0.05883654807621497,0,green
2018-11-08,0.05855361153260219,0,green
2018-11-09,0.05830730902425785,0,green
2018-11-10,0.058097640551295626,0,green
2018-11-11,0.0579246061139429,0,green
2018-11-12,0.057788205711631235,0,green
2018-11-13,0.05768843934504275,0,green
2018-11-14,0.05762530701360902,0,green
2018-11-15,0.057598808717898464,0,green
2018-11-16,0.05760894445734266,0,green
2018-11-17,0.05765571423228266,0,green
2018-11-18,0.05773911804260479,0,green
2018-11-19,0.05785915588842272,0,green
2018-11-20,0.058015827769622774,0,green
2018-11-21,0.05820913368597758,0,green
2018-11-22,0.05843907363805556,0,green
2018-11-23,0.05870564762540198,0,green
2018-11-24,0.05900885564824421,0,green
2018-11-25,0.05934869770635487,0,green
2018-11-26,0.05972517379996134,0,green
2018-11-27,0.060138283928836245,0,green
2018-11-28,0.060588028093320645,0,green
2018-11-29,0.06107440629318717,0,green
2018-11-30,0.061597418528208436,0,green
2018-12-01,0.062157064799066575,0,green
2018-12-02,0.06273205247111946,0,green
2018-12-03,0.06323721100909552,0,green
2018-12-04,0.06365124777937581,0,green
2018-12-05,0.06397416278173296,0,green
2018-12-06,0.06420595601571222,0,green
2018-12-07,0.06434662748245046,0,green
2018-12-08,0.06439617718081081,0,green
2018-12-09,0.06435460511124802,0,green
2018-12-10,0.06422191127410315,0,green
2018-12-11,0.06399809566880776,0,green
2018-12-12,0.06368315829536186,0,green
2018-12-13,0.06327709915433388,0,green
2018-12-14,0.06277991824515539,0,green
2018-12-15,0.06219161556828112,0,green
2018-12-16,0.06151219112337003,0,green
2018-12-17,0.06074164491042211,0,green
2018-12-18,0.05987997692989211,0,green
2018-12-19,0.05892718718098422,0,green
2018-12-20,0.05788327566438056,0,green
2018-12-21,0.05674824237996745,0,green
2018-12-22,0.05552208732751751,0,green
2018-12-23,0.05420481050703074,0,green
2018-12-24,0.05279641191873452,0,green
2018-12-25,0.05129689156251516,0,green
2018-12-26,0.04970624943837265,0,green
2018-12-27,0.048024485546307005,0,green
2018-12-28,0.04625159988631822,0,green
2018-12-29,0.0443875924582926,0,green
2018-12-30,0.04243246326257122,0,green
2018-12-31,0.04038621229881301,0,green
2019-01-01,0.03824883956690428,0,green
2019-01-02,0.036092231986685874,0,green
2019-01-03,0.03420393723536108,0,green
2019-01-04,0.032655842231747556,0,green
2019-01-05,0.03144794697686848,0,green
2019-01-06,0.030580251469473296,0,green
2019-01-07,0.03005275571058519,0,green
2019-01-08,0.029865459699749408,0,green
2019-01-09,0.030018363437079643,0,green
2019-01-10,0.03051146692257589,0,green
2019-01-11,0.03134477015601078,0,green
2019-01-12,0.03251827313772537,0,green
2019-01-13,0.034031975867719666,0,green
2019-01-14,0.03588587834553891,0,green
2019-01-15,0.038079980571524175,0,green
2019-01-16,0.04061428254601651,0,green
2019-01-17,0.043488784268220115,0,green
2019-01-18,0.04670348573881711,0,green
2019-01-19,0.050258386957239054,0,green
2019-01-20,0.05415348792428176,0,green
2019-01-21,0.05838878863892205,0,green
2019-01-22,0.06296428910206942,0,green
2019-01-23,0.06787998931315542,0,green
2019-01-24,0.07313588927252113,0,green
2019-01-25,0.07873198897982547,0,green
2019-01-26,0.08466828843552321,0,green
2019-01-27,0.09094478763915959,0,green
2019-01-28,0.09756148659084829,0,green
2019-01-29,0.10451838529104407,1,blue
2019-01-30,0.11181548373883743,1,blue
2019-01-31,0.11945278193536524,1,blue
2019-02-01,0.12743027987949063,1,blue
2019-02-02,0.13561684496539783,1,blue
2019-02-03,0.14348794676664056,1,blue
2019-02-04,0.15091245267660724,1,blue
2019-02-05,0.1578903626950705,1,blue
2019-02-06,0.1644216768224851,1,blue
2019-02-07,0.17050639505839627,1,blue
2019-02-08,0.17614451740314507,1,blue
2019-02-09,0.18133604385661783,1,blue
2019-02-10,0.18608097441870086,1,blue
2019-02-11,0.19037930908939416,1,blue
2019-02-12,0.19423104786915246,1,blue
2019-02-13,0.19763619075740735,1,blue
2019-02-14,0.20059473775404513,2,yellow
2019-02-15,0.2031066888599753,2,yellow
2019-02-16,0.20517204407417466,2,yellow
2019-02-17,0.20679080339743905,2,yellow
2019-02-18,0.20796296682897264,2,yellow
2019-02-19,0.20868853436957124,2,yellow
2019-02-20,0.2089675060187801,2,yellow
2019-02-21,0.20879988177659925,2,yellow
2019-02-22,0.20818566164314234,2,yellow
2019-02-23,0.20712484561863675,2,yellow
2019-02-24,0.20561743370240038,2,yellow
2019-02-25,0.203663425895229,2,yellow
2019-02-26,0.2012628221966679,2,yellow
2019-02-27,0.19841562260671708,1,blue
2019-02-28,0.19512182712560389,1,blue
2019-03-01,0.19138143575310096,1,blue
2019-03-02,0.18731759094168865,1,blue
2019-03-03,0.18342286249992412,1,blue
2019-03-04,0.17982039288096985,1,blue
2019-03-05,0.17651018208391633,1,blue
2019-03-06,0.173492230109332,1,blue
2019-03-07,0.17076653695676214,1,blue
2019-03-08,0.16833310262677514,1,blue
2019-03-09,0.1661919271186889,1,blue
2019-03-10,0.16434301043329924,1,blue
2019-03-11,0.16278635256981033,1,blue
2019-03-12,0.16152195352879062,1,blue
2019-03-13,0.16054981331001272,1,blue
2019-03-14,0.15986993191359034,1,blue
2019-03-15,0.15948230933940977,1,blue
2019-03-16,0.15938694558724364,1,blue
2019-03-17,0.15958384065754672,1,blue
2019-03-18,0.1600729945500916,1,blue
2019-03-19,0.160854407264992,1,blue
2019-03-20,0.16192807880202054,1,blue
2019-03-21,0.16329400916140457,1,blue
2019-03-22,0.16495219834314412,1,blue
2019-03-23,0.1669026463470118,1,blue
2019-03-24,0.16914535317323498,1,blue
2019-03-25,0.1716803188215863,1,blue
2019-03-26,0.1745075432924068,1,blue
2019-03-27,0.17762702658535545,1,blue
2019-03-28,0.18103876870054592,1,blue
2019-03-29,0.18474276963820557,1,blue
2019-03-30,0.18873902939787968,1,blue
2019-03-31,0.19302754798002297,1,blue
2019-04-01,0.1976083253844081,1,blue
2019-04-02,0.20239142648699726,2,yellow
2019-04-03,0.20701711079232155,2,yellow
2019-04-04,0.2113954431762295,2,yellow
2019-04-05,0.2155264236387211,2,yellow
2019-04-06,0.21941005218002374,2,yellow
2019-04-07,0.22304632879956898,2,yellow
2019-04-08,0.22643525349826632,2,yellow
2019-04-09,0.22957682627509257,2,yellow
2019-04-10,0.23247104713095723,2,yellow
2019-04-11,0.23511791606529187,2,yellow
2019-04-12,0.23751743307821016,2,yellow
2019-04-13,0.23966959817005318,2,yellow
2019-04-14,0.24157441134025248,2,yellow
2019-04-15,0.24323187258914913,2,yellow
2019-04-16,0.24464198191651576,2,yellow
2019-04-17,0.2458047393229208,2,yellow
2019-04-18,0.24672014480756843,2,yellow
2019-04-19,0.2473881983710271,2,yellow
2019-04-20,0.2478089000132968,2,yellow
2019-04-21,0.2479822497340365,2,yellow
2019-04-22,0.24790824753335983,2,yellow
2019-04-23,0.24758689341126683,2,yellow
2019-04-24,0.24701818736798486,2,yellow
2019-04-25,0.24620212940317288,2,yellow
2019-04-26,0.24513871951717192,2,yellow
2019-04-27,0.24382795770975463,2,yellow
2019-04-28,0.24226984398103468,2,yellow
2019-04-29,0.2404643783307847,2,yellow
2019-04-30,0.23841156075934578,2,yellow
2019-05-01,0.23611139126626313,2,yellow
2019-05-02,0.23363941782599795,2,yellow
2019-05-03,0.23129783233332546,2,yellow
2019-05-04,0.22916218276270683,2,yellow
2019-05-05,0.22723246911357364,2,yellow
2019-05-06,0.22550869138592589,2,yellow
2019-05-07,0.22399084958044568,2,yellow
2019-05-08,0.22267894369645092,2,yellow
2019-05-09,0.22157297373405527,2,yellow
2019-05-10,0.2206729396935998,2,yellow
2019-05-11,0.21997884157485714,2,yellow
2019-05-12,0.21949067937748623,2,yellow
2019-05-13,0.2192084531021692,2,yellow
2019-05-14,0.21913216274856495,2,yellow
2019-05-15,0.21926180831644615,2,yellow
2019-05-16,0.21959738980604016,2,yellow
2019-05-17,0.22013890721768803,2,yellow
2019-05-18,0.22088636055070765,2,yellow
2019-05-19,0.22183974980544008,2,yellow
2019-05-20,0.2229990749821127,2,yellow
2019-05-21,0.22436433608038442,2,yellow
2019-05-22,0.22593553310025527,2,yellow
2019-05-23,0.2277126660420663,2,yellow
2019-05-24,0.22969573490547646,2,yellow
2019-05-25,0.23188473969037204,2,yellow
2019-05-26,0.23427968039743519,2,yellow
2019-05-27,0.23688055702587008,2,yellow
2019-05-28,0.23968736957613146,2,yellow
2019-05-29,0.24270011804799196,2,yellow
2019-05-30,0.24591880244179265,2,yellow
2019-05-31,0.24934342275707877,2,yellow
2019-06-01,0.2529739789941914,2,yellow
2019-06-02,0.25669124139278665,2,yellow
2019-06-03,0.2600182909121713,2,yellow
2019-06-04,0.26283589779211525,2,yellow
2019-06-05,0.2651440620326184,2,yellow
2019-06-06,0.26694278363379453,2,yellow
2019-06-07,0.2682320625955299,2,yellow
2019-06-08,0.2690118989178245,2,yellow
2019-06-09,0.269282292600451,2,yellow
2019-06-10,0.2690432436440915,2,yellow
2019-06-11,0.26829475204806386,2,yellow
2019-06-12,0.26703681781270916,2,yellow
2019-06-13,0.2652694409378,2,yellow
2019-06-14,0.26299262142356383,2,yellow
2019-06-15,0.2602063592698869,2,yellow
2019-06-16,0.2569106544767692,2,yellow
2019-06-17,0.25310550704432444,2,yellow
2019-06-18,0.24879091697243894,2,yellow
2019-06-19,0.24396688426111268,2,yellow
2019-06-20,0.238633408910232,2,yellow
2019-06-21,0.23279049092002424,2,yellow
2019-06-22,0.2264381302906031,2,yellow
2019-06-23,0.21957632702140017,2,yellow
2019-06-24,0.21220508111298386,2,yellow
2019-06-25,0.2043243925651268,2,yellow
2019-06-26,0.195934261377829,1,blue
2019-06-27,0.1870346875513178,1,blue
2019-06-28,0.1776256710850248,1,blue
2019-06-29,0.16770721197951843,1,blue
2019-06-30,0.15727931023445763,1,blue
2019-07-01,0.14634196585006976,1,blue
2019-07-02,0.13505790719784727,1,blue
2019-07-03,0.12407804776307785,1,blue
2019-07-04,0.11356511591816343,1,blue
2019-07-05,0.10351911166208083,1,blue
2019-07-06,0.09394003499573955,0,green
2019-07-07,0.08482788591811641,0,green
2019-07-08,0.07618266443034827,0,green
2019-07-09,0.06800437053163932,0,green
2019-07-10,0.060293004222103264,0,green
2019-07-11,0.053048565502081146,0,green
2019-07-12,0.046271054371459286,0,green
2019-07-13,0.039960470829782935,0,green
2019-07-14,0.03411681487762053,0,green
2019-07-15,0.02874008651474469,0,green
2019-07-16,0.023830285741269108,0,green
2019-07-17,0.019387412556852723,0,green
2019-07-18,0.015411466962063969,0,green
2019-07-19,0.01190244895633441,0,green
2019-07-20,0.008860358540005109,0,green
2019-07-21,0.006285195712735003,0,green
2019-07-22,0.004176960475092528,0,green
2019-07-23,0.002535652826622936,0,green
2019-07-24,0.0013612727676672876,0,green
2019-07-25,0.0006538202975434615,0,green
2019-07-26,0.00041329541716095264,0,green
2019-07-27,0.00063969812583764,0,green
2019-07-28,0.0013330284236872103,0,green
2019-07-29,0.0024932863113917847,0,green
2019-07-30,0.004120471787814495,0,green
2019-07-31,0.006214584853978522,0,green
2019-08-01,0.008775625509088059,0,green
2019-08-02,0.011705917358767692,0,green
2019-08-03,0.014614754822559917,0,green
2019-08-04,0.01740446150608932,0,green
2019-08-05,0.02007503740867378,0,green
2019-08-06,0.02262648253088173,0,green
2019-08-07,0.025058796872372113,0,green
2019-08-08,0.027371980433144927,0,green
2019-08-09,0.029566033213541232,0,green
2019-08-10,0.03164095521310628,0,green
2019-08-11,0.033596746432181135,0,green
2019-08-12,0.03543340687065211,0,green
2019-08-13,0.03715093652840551,0,green
2019-08-14,0.03874933540566872,0,green
2019-08-15,0.040228603502214355,0,green
2019-08-16,0.04158874081815611,0,green
2019-08-17,0.04282974735360767,0,green
2019-08-18,0.043951623108341664,0,green
2019-08-19,0.044954368082471774,0,green
2019-08-20,0.045837982275884315,0,green
2019-08-21,0.04660246568892035,0,green
2019-08-22,0.04724781832123881,0,green
2019-08-23,0.047774040172839705,0,green
2019-08-24,0.04818113124383672,0,green
2019-08-25,0.048469091534343534,0,green
2019-08-26,0.048637921044360155,0,green
2019-08-27,0.04868761977354552,0,green
2019-08-28,0.04861818772201332,0,green
2019-08-29,0.048429624890104606,0,green
2019-08-30,0.04812193127736464,0,green
2019-08-31,0.04769510688424816,0,green
2019-09-01,0.04714915171041412,0,green
2019-09-02,0.046506668840265775,0,green
2019-09-03,0.045858070611075163,0,green
2019-09-04,0.04522596010701818,0,green
2019-09-05,0.0446103373283222,0,green
2019-09-06,0.04401120227498723,0,green
2019-09-07,0.04342855494667219,0,green
2019-09-08,0.042862395343604476,0,green
2019-09-09,0.04231272346601145,0,green
2019-09-10,0.04177953931355205,0,green
2019-09-11,0.041262842886112594,0,green
2019-09-12,0.0407626341843752,0,green
2019-09-13,0.04027891320743038,0,green
2019-09-14,0.039811679955960244,0,green
2019-09-15,0.039360934429737426,0,green
2019-09-16,0.03892667662864824,0,green
2019-09-17,0.03850890655292005,0,green
2019-09-18,0.03810762420255287,0,green
2019-09-19,0.03772282957709194,0,green
2019-09-20,0.037354522677105706,0,green
2019-09-21,0.0370027035022531,0,green
2019-09-22,0.03666737205287518,0,green
2019-09-23,0.036348528328517204,0,green
2019-09-24,0.036046172329406545,0,green
2019-09-25,0.03576030405565689,0,green
2019-09-26,0.03549092350715455,0,green
2019-09-27,0.03523803068367215,0,green
2019-09-28,0.03500162558577813,0,green
2019-09-29,0.03478170821279036,0,green
2019-09-30,0.034578278565390974,0,green
2019-10-01,0.03439133664301153,0,green
2019-10-02,0.03421489522588672,0,green
2019-10-03,0.034025005433932165,0,green
2019-10-04,0.03381568004738256,0,green
2019-10-05,0.033586919065555776,0,green
2019-10-06,0.03333872248924763,0,green
2019-10-07,0.03307109031800337,0,green
2019-10-08,0.032784022552050374,0,green
2019-10-09,0.03247751919104758,0,green
2019-10-10,0.03215158023533604,0,green
2019-10-11,0.03180620568480208,0,green
2019-10-12,0.03144139553933201,0,green
2019-10-13,0.031057149799153194,0,green
2019-10-14,0.030653468464265643,0,green
2019-10-15,0.030230351534214606,0,green
2019-10-16,0.02978779900945483,0,green
2019-10-17,0.029325810889986315,0,green
2019-10-18,0.028844387175695374,0,green
2019-10-19,0.02834352786646832,0,green
2019-10-20,0.027823232962305156,0,green
2019-10-21,0.02728350246343325,0,green
2019-10-22,0.026724336369852608,0,green
2019-10-23,0.02614573468144954,0,green
2019-10-24,0.025547697397882985,0,green
2019-10-25,0.024930224519835065,0,green
2019-10-26,0.02429331604662366,0,green
2019-10-27,0.023636971978930887,0,green
2019-10-28,0.022961192316302004,0,green
2019-10-29,0.022265977058737008,0,green
2019-10-30,0.021551326206349586,0,green
2019-10-31,0.02081723975913974,0,green
2019-11-01,0.02006371771733484,0,green
2019-11-02,0.019317792553351865,0,green
2019-11-03,0.018687594158905085,0,green
2019-11-04,0.018200155007548346,0,green
2019-11-05,0.017855475098258466,0,green
2019-11-06,0.01765355443194494,0,green
2019-11-07,0.01759439300781196,0,green
2019-11-08,0.01767799082676902,0,green
2019-11-09,0.017904347887792937,0,green
2019-11-10,0.01827346419179321,0,green
2019-11-11,0.018785339738087714,0,green
2019-11-12,0.019439974527358572,0,green
2019-11-13,0.02023736855869629,0,green
2019-11-14,0.02117752183301036,0,green
2019-11-15,0.02226043434973235,0,green
2019-11-16,0.023486106109317006,0,green
2019-11-17,0.02485453711108221,0,green
2019-11-18,0.026365727355710078,0,green
2019-11-19,0.028019676842745866,0,green
2019-11-20,0.029816385572530635,0,green
2019-11-21,0.03175585354472332,0,green
2019-11-22,0.03383808075966499,0,green
2019-11-23,0.036063067217128264,0,green
2019-11-24,0.03843081291722683,0,green
2019-11-25,0.040941317859847004,0,green
2019-11-26,0.04359458204498878,0,green
2019-11-27,0.046390605472765856,0,green
2019-11-28,0.04932938814329191,0,green
2019-11-29,0.05241093005611219,0,green
2019-11-30,0.05563523121190883,0,green
2019-12-01,0.059002291609886015,0,green
2019-12-02,0.06246753310881559,0,green
2019-12-03,0.06585264314071537,0,green
2019-12-04,0.06911304356412984,0,green
2019-12-05,0.07224873437860424,0,green
2019-12-06,0.07525971558425226,0,green
2019-12-07,0.07814598718152865,0,green
2019-12-08,0.08090754916975129,0,green
2019-12-09,0.08354440154937492,0,green
2019-12-10,0.08605654432028587,0,green
2019-12-11,0.0884439774825978,0,green
2019-12-12,0.0907067010357423,0,green
2019-12-13,0.09284471498051516,0,green
2019-12-14,0.09485801931634796,0,green
2019-12-15,0.09674661404369544,0,green
2019-12-16,0.09851049916210286,0,green
2019-12-17,0.10014967467191127,1,blue
2019-12-18,0.10166414057300699,1,blue
2019-12-19,0.10305389686504896,1,blue
2019-12-20,0.10431894354883298,1,blue
2019-12-21,0.10545928062356325,1,blue
2019-12-22,0.10647490808958082,1,blue
2019-12-23,0.1073658259469994,1,blue
2019-12-24,0.1081320341954779,1,blue
2019-12-25,0.10877353283547109,1,blue
2019-12-26,0.10929032186675158,1,blue
2019-12-27,0.10968240128897833,1,blue
2019-12-28,0.10994977110271975,1,blue
2019-12-29,0.11009243130774848,1,blue
2019-12-30,0.11011038190383715,1,blue
2019-12-31,0.1100036228914405,1,blue
2020-01-01,0.10977215427021747,1,blue
2020-01-02,0.1094274656604739,1,blue
2020-01-03,0.1090155155437742,1,blue
2020-01-04,0.10854779354008315,1,blue
2020-01-05,0.10802429964985549,1,blue
2020-01-06,0.10744503387263649,1,blue
2020-01-07,0.1068099962086535,1,blue
2020-01-08,0.10611918665767917,1,blue
2020-01-09,0.10537260522028191,1,blue
2020-01-10,0.1045702518958933,1,blue
2020-01-11,0.10371212668474072,1,blue
2020-01-12,0.10279822958671048,1,blue
2020-01-13,0.10182856060168888,1,blue
2020-01-14,0.10080311973035805,1,blue
2020-01-15,0.09972190697192218,0,green
2020-01-16,0.09858492232660865,0,green
2020-01-17,0.09739216579453114,0,green
2020-01-18,0.09614363737591702,0,green
2020-01-19,0.09483933707031156,0,green
2020-01-20,0.09347926487782843,0,green
2020-01-21,0.092063420798695,0,green
2020-01-22,0.09059180483245655,0,green
2020-01-23,0.08906441697979517,0,green
2020-01-24,0.08748125724025613,0,green
2020-01-25,0.08584232561383942,0,green
2020-01-26,0.08414762210043136,0,green
2020-01-27,0.0823971467004867,0,green
2020-01-28,0.08059089941366437,0,green
2020-01-29,0.07872888024007807,0,green
2020-01-30,0.0768110891796141,0,green
2020-01-31,0.07483752623238615,0,green
2020-02-01,0.07280819139839423,0,green
2020-02-02,0.07080394152831104,0,green
2020-02-03,0.06914820402528221,0,green
2020-02-04,0.06792183574009414,0,green
2020-02-05,0.06712483667251945,0,green
2020-02-06,0.06675720682335395,0,green
2020-02-07,0.06681894619123341,0,green
2020-02-08,0.06731005477740837,0,green
2020-02-09,0.06823053258142409,0,green
2020-02-10,0.06958037960305319,0,green
2020-02-11,0.07135959584263674,0,green
2020-02-12,0.07356818129971998,0,green
2020-02-13,0.07620613597509873,0,green
2020-02-14,0.07927345986797718,0,green
2020-02-15,0.08277015297892376,0,green
2020-02-16,0.08669621530725635,0,green
2020-02-17,0.09105164685399814,0,green
2020-02-18,0.09583644761812593,0,green
2020-02-19,0.10105061760009448,1,blue
2020-02-20,0.10669415680001748,1,blue
2020-02-21,0.11276706521766755,1,blue
2020-02-22,0.11926934285327206,1,blue
2020-02-23,0.12620098970660365,1,blue
2020-02-24,0.1335620057776623,1,blue
2020-02-25,0.1413523910667891,1,blue
2020-02-26,0.14957214557341558,1,blue
2020-02-27,0.1582212692981102,1,blue
2020-02-28,0.1672997622405319,1,blue
2020-02-29,0.17680762440068065,1,blue
2020-03-01,0.18674485577878386,1,blue
2020-03-02,0.19697010734057585,1,blue
2020-03-03,0.20691798294865293,2,yellow
2020-03-04,0.21644713356977263,2,yellow
2020-03-05,0.22555755920302545,2,yellow
2020-03-06,0.23424925984897982,2,yellow
2020-03-07,0.24252223550729468,2,yellow
2020-03-08,0.2503764861784248,2,yellow
2020-03-09,0.2578120118615743,2,yellow
2020-03-10,0.26482881255776647,2,yellow
2020-03-11,0.27142688826609174,2,yellow
2020-03-12,0.27760623898700487,2,yellow
2020-03-13,0.2833668647203922,2,yellow
2020-03-14,0.28870876546648105,2,yellow
2020-03-15,0.29363194122481673,2,yellow
2020-03-16,0.29813639199585396,2,yellow
2020-03-17,0.3022221177792517,3,orange
2020-03-18,0.30588911857535095,3,orange
2020-03-19,0.30913739438369703,3,orange
2020-03-20,0.31196694520485835,3,orange
2020-03-21,0.3143777710381528,3,orange
2020-03-22,0.31636987188426247,3,orange
2020-03-23,0.31794324774273264,3,orange
2020-03-24,0.31909789861390436,3,orange
2020-03-25,0.3198338244972092,3,orange
2020-03-26,0.320151025393443,3,orange
2020-03-27,0.32004950130180987,3,orange
2020-03-28,0.319529252222992,3,orange
2020-03-29,0.31859027815630725,3,orange
2020-03-30,0.3172325791026651,3,orange
2020-03-31,0.3154561550610424,3,orange
2020-04-01,0.31326100603223495,3,orange
2020-04-02,0.3107415563389395,3,orange
2020-04-03,0.3082755032729665,3,orange
2020-04-04,0.3059572711583769,3,orange
2020-04-05,0.3037868599939202,3,orange
2020-04-06,0.30176426978061954,3,orange
2020-04-07,0.2998895005180202,2,yellow
2020-04-08,0.2981625522062359,2,yellow
2020-04-09,0.2965834248450392,2,yellow
2020-04-10,0.2951521184345438,2,yellow
2020-04-11,0.2938686329749771,2,yellow
2020-04-12,0.29273296846611174,2,yellow
2020-04-13,0.29174512490817506,2,yellow
2020-04-14,0.2909051023007123,2,yellow
2020-04-15,0.2902129006439509,2,yellow
2020-04-16,0.28966851993823184,2,yellow
2020-04-17,0.2892719601831004,2,yellow
2020-04-18,0.2890232213788977,2,yellow
2020-04-19,0.2889223035253963,2,yellow
2020-04-20,0.28896920662202774,2,yellow
2020-04-21,0.2891639306710658,2,yellow
2020-04-22,0.28950647566796306,2,yellow
2020-04-23,0.2899968416189722,2,yellow
2020-04-24,0.2906350285189774,2,yellow
2020-04-25,0.29142103636900174,2,yellow
2020-04-26,0.29235486517200115,2,yellow
2020-04-27,0.2934365149239966,2,yellow
2020-04-28,0.2946659856260112,2,yellow
2020-04-29,0.2960432772810009,2,yellow
2020-04-30,0.29756838988600975,2,yellow
2020-05-01,0.2992413234410378,2,yellow
2020-05-02,0.300992825472008,3,orange
2020-05-03,0.30254588607294863,3,orange
2020-05-04,0.3038312527689868,3,orange
2020-05-05,0.30484892556103205,3,orange
2020-05-06,0.30559890444703797,3,orange
2020-05-07,0.30608118942893725,3,orange
2020-05-08,0.3062957805060478,3,orange
2020-05-09,0.3062426776780285,3,orange
2020-05-10,0.3059218809439699,3,orange
2020-05-11,0.3053333903069415,3,orange
2020-05-12,0.3044772057639875,3,orange
2020-05-13,0.3033533273160174,3,orange
2020-05-14,0.3019617549640543,3,orange
2020-05-15,0.30030248870593823,3,orange
2020-05-16,0.2983755285430334,2,yellow
2020-05-17,0.2961808744760219,2,yellow
2020-05-18,0.2937185265039943,2,yellow
2020-05-19,0.2909884846260411,2,yellow
2020-05-20,0.28799074884398124,2,yellow
2020-05-21,0.2847253191579284,2,yellow
2020-05-22,0.2811921955650405,2,yellow
2020-05-23,0.2773913780680459,2,yellow
2020-05-24,0.2733228666669447,2,yellow
2020-05-25,0.2689866613600316,2,yellow
2020-05-26,0.2643827621479886,2,yellow
2020-05-27,0.2595111690319527,2,yellow
2020-05-28,0.25437188201101435,2,yellow
2020-05-29,0.24896490108403668,2,yellow
2020-05-30,0.24329022625295238,2,yellow
2020-05-31,0.23734785751605614,2,yellow
2020-06-01,0.23113779487596275,2,yellow
2020-06-02,0.22475601266501144,2,yellow
2020-06-03,0.2185864082249509,2,yellow
2020-06-04,0.2127249558920994,2,yellow
2020-06-05,0.2071716556639558,2,yellow
2020-06-06,0.2019265075440444,2,yellow
2020-06-07,0.1969895115289546,1,blue
2020-06-08,0.19236066762005066,1,blue
2020-06-09,0.188039975817901,1,blue
2020-06-10,0.18402743612102768,1,blue
2020-06-11,0.1803230485320455,1,blue
2020-06-12,0.1769268130490218,1,blue
2020-06-13,0.1738387296709334,1,blue
2020-06-14,0.171058798400054,1,blue
2020-06-15,0.1685870192350194,1,blue
2020-06-16,0.16642339217696644,1,blue
2020-06-17,0.16456791722396247,1,blue
2020-06-18,0.16302059437805383,1,blue
2020-06-19,0.16178142363798997,1,blue
2020-06-20,0.16085040500502146,1,blue
2020-06-21,0.16022753847698823,1,blue
2020-06-22,0.15991282405593665,1,blue
2020-06-23,0.15990626174107092,1,blue
2020-06-24,0.16020785153193629,1,blue
2020-06-25,0.16081759343001067,1,blue
2020-06-26,0.16173548743404353,1,blue
2020-06-27,0.16296153354301168,1,blue
2020-06-28,0.16449573175998466,1,blue
2020-06-29,0.16633808208291612,1,blue
2020-06-30,0.16848858451101023,1,blue
